"STATION","NAME","LATITUDE","LONGITUDE","ELEVATION","DATE","PRCP","PRCP_ATTRIBUTES","TAVG","TAVG_ATTRIBUTES"
"USW00024233","SEATTLE TACOMA INTERNATIONAL AIRPORT, WA US","47.4444","-122.3138","112.8","2017-01-01","0.43",",,W,2400","35","H,,S"
"USW00024233","SEATTLE TACOMA INTERNATIONAL AIRPORT, WA US","47.4444","-122.3138","112.8","2017-01-02","0.00",",,W,2400","32","H,,S"
"USW00024233","SEATTLE TACOMA INTERNATIONAL AIRPORT, WA US","47.4444","-122.3138","112.8","2017-01-03","0.00",",,W,2400","27","H,,S"
"USW00024233","SEATTLE TACOMA INTERNATIONAL AIRPORT, WA US","47.4444","-122.3138","112.8","2017-01-04","0.00",",,W,2400","27","H,,S"
"USW00024233","SEATTLE TACOMA INTERNATIONAL AIRPORT, WA US","47.4444","-122.3138","112.8","2017-01-05","0.00",",,W,2400","28","H,,S"
"USW00024233","SEATTLE TACOMA INTERNATIONAL AIRPORT, WA US","47.4444","-122.3138","112.8","2017-01-06","0.00",",,W,2400","29","H,,S"
"USW00024233","SEATTLE TACOMA INTERNATIONAL AIRPORT, WA US","47.4444","-122.3138","112.8","2017-01-07","0.00","T,,W,2400","33","H,,S"
"USW00024233","SEATTLE TACOMA INTERNATIONAL AIRPORT, WA US","47.4444","-122.3138","112.8","2017-01-08","0.45",",,W,2400","37","H,,S"
"USW00024233","SEATTLE TACOMA INTERNATIONAL AIRPORT, WA US","47.4444","-122.3138","112.8","2017-01-09","0.05",",,W,2400","39","H,,S"
"USW00024233","SEATTLE TACOMA INTERNATIONAL AIRPORT, WA US","47.4444","-122.3138","112.8","2017-01-10","0.07",",,W,2400","37","H,,S"
"USW00024233","SEATTLE TACOMA INTERNATIONAL AIRPORT, WA US","47.4444","-122.3138","112.8","2017-01-11","0.00","T,,W,2400","32","H,,S"
"USW00024233","SEATTLE TACOMA INTERNATIONAL AIRPORT, WA US","47.4444","-122.3138","112.8","2017-01-12","0.00",",,W,2400","31","H,,S"
"USW00024233","SEATTLE TACOMA INTERNATIONAL AIRPORT, WA US","47.4444","-122.3138","112.8","2017-01-13","0.00",",,W,2400","31","H,,S"
"USW00024233","SEATTLE TACOMA INTERNATIONAL AIRPORT, WA US","47.4444","-122.3138","112.8","2017-01-14","0.00",",,W,2400","34","H,,S"
"USW00024233","SEATTLE TACOMA INTERNATIONAL AIRPORT, WA US","47.4444","-122.3138","112.8","2017-01-15","0.00",",,W,2400","34","H,,S"
"USW00024233","SEATTLE TACOMA INTERNATIONAL AIRPORT, WA US","47.4444","-122.3138","112.8","2017-01-16","0.00",",,W,2400","36","H,,S"
"USW00024233","SEATTLE TACOMA INTERNATIONAL AIRPORT, WA US","47.4444","-122.3138","112.8","2017-01-17","1.74",",,W,2400","43","H,,S"
"USW00024233","SEATTLE TACOMA INTERNATIONAL AIRPORT, WA US","47.4444","-122.3138","112.8","2017-01-18","1.21",",,W,2400","46","H,,S"
"USW00024233","SEATTLE TACOMA INTERNATIONAL AIRPORT, WA US","47.4444","-122.3138","112.8","2017-01-19","0.09",",,W,2400","46","H,,S"
"USW00024233","SEATTLE TACOMA INTERNATIONAL AIRPORT, WA US","47.4444","-122.3138","112.8","2017-01-20","0.00",",,W,2400","46","H,,S"
"USW00024233","SEATTLE TACOMA INTERNATIONAL AIRPORT, WA US","47.4444","-122.3138","112.8","2017-01-21","0.05",",,W,2400","45","H,,S"
"USW00024233","SEATTLE TACOMA INTERNATIONAL AIRPORT, WA US","47.4444","-122.3138","112.8","2017-01-22","0.08",",,W,2400","45","H,,S"
"USW00024233","SEATTLE TACOMA INTERNATIONAL AIRPORT, WA US","47.4444","-122.3138","112.8","2017-01-23","0.00",",,W,2400","41","H,,S"
"USW00024233","SEATTLE TACOMA INTERNATIONAL AIRPORT, WA US","47.4444","-122.3138","112.8","2017-01-24","0.00",",,W,2400","37","H,,S"
"USW00024233","SEATTLE TACOMA INTERNATIONAL AIRPORT, WA US","47.4444","-122.3138","112.8","2017-01-25","0.00","T,,W,2400","38","H,,S"
"USW00024233","SEATTLE TACOMA INTERNATIONAL AIRPORT, WA US","47.4444","-122.3138","112.8","2017-01-26","0.00",",,W,2400","43","H,,S"
"USW00024233","SEATTLE TACOMA INTERNATIONAL AIRPORT, WA US","47.4444","-122.3138","112.8","2017-01-27","0.00",",,W,2400","44","H,,S"
"USW00024233","SEATTLE TACOMA INTERNATIONAL AIRPORT, WA US","47.4444","-122.3138","112.8","2017-01-28","0.00",",,W,2400","45","H,,S"
"USW00024233","SEATTLE TACOMA INTERNATIONAL AIRPORT, WA US","47.4444","-122.3138","112.8","2017-01-29","0.03",",,W,2400","43","H,,S"
"USW00024233","SEATTLE TACOMA INTERNATIONAL AIRPORT, WA US","47.4444","-122.3138","112.8","2017-01-30","0.02",",,W,2400","44","H,,S"
"USW00024233","SEATTLE TACOMA INTERNATIONAL AIRPORT, WA US","47.4444","-122.3138","112.8","2017-01-31","0.00",",,W,2400","41","H,,S"
"USW00024233","SEATTLE TACOMA INTERNATIONAL AIRPORT, WA US","47.4444","-122.3138","112.8","2017-02-01","0.00",",,W,2400","36","H,,S"
"USW00024233","SEATTLE TACOMA INTERNATIONAL AIRPORT, WA US","47.4444","-122.3138","112.8","2017-02-02","0.01",",,W,2400","38","H,,S"
"USW00024233","SEATTLE TACOMA INTERNATIONAL AIRPORT, WA US","47.4444","-122.3138","112.8","2017-02-03","0.70",",,W,2400","37","H,,S"
"USW00024233","SEATTLE TACOMA INTERNATIONAL AIRPORT, WA US","47.4444","-122.3138","112.8","2017-02-04","0.94",",,W,2400","41","H,,S"
"USW00024233","SEATTLE TACOMA INTERNATIONAL AIRPORT, WA US","47.4444","-122.3138","112.8","2017-02-05","0.82",",,W,2400","39","H,,S"
"USW00024233","SEATTLE TACOMA INTERNATIONAL AIRPORT, WA US","47.4444","-122.3138","112.8","2017-02-06","0.65",",,W,2400","33","H,,S"
"USW00024233","SEATTLE TACOMA INTERNATIONAL AIRPORT, WA US","47.4444","-122.3138","112.8","2017-02-07","0.01",",,W,2400","35","H,,S"
"USW00024233","SEATTLE TACOMA INTERNATIONAL AIRPORT, WA US","47.4444","-122.3138","112.8","2017-02-08","0.70",",,W,2400","36","H,,S"
"USW00024233","SEATTLE TACOMA INTERNATIONAL AIRPORT, WA US","47.4444","-122.3138","112.8","2017-02-09","1.63",",,W,2400","44","H,,S"
"USW00024233","SEATTLE TACOMA INTERNATIONAL AIRPORT, WA US","47.4444","-122.3138","112.8","2017-02-10","0.02",",,W,2400","47","H,,S"
"USW00024233","SEATTLE TACOMA INTERNATIONAL AIRPORT, WA US","47.4444","-122.3138","112.8","2017-02-11","0.00",",,W,2400","41","H,,S"
"USW00024233","SEATTLE TACOMA INTERNATIONAL AIRPORT, WA US","47.4444","-122.3138","112.8","2017-02-12","0.00",",,W,2400","41","H,,S"
"USW00024233","SEATTLE TACOMA INTERNATIONAL AIRPORT, WA US","47.4444","-122.3138","112.8","2017-02-13","0.00",",,W,2400","42","H,,S"
"USW00024233","SEATTLE TACOMA INTERNATIONAL AIRPORT, WA US","47.4444","-122.3138","112.8","2017-02-14","0.23",",,W,2400","45","H,,S"
"USW00024233","SEATTLE TACOMA INTERNATIONAL AIRPORT, WA US","47.4444","-122.3138","112.8","2017-02-15","1.63",",,W,2400","49","H,,S"
"USW00024233","SEATTLE TACOMA INTERNATIONAL AIRPORT, WA US","47.4444","-122.3138","112.8","2017-02-16","0.50",",,W,2400","51","H,,S"
"USW00024233","SEATTLE TACOMA INTERNATIONAL AIRPORT, WA US","47.4444","-122.3138","112.8","2017-02-17","0.01",",,W,2400","48","H,,S"
"USW00024233","SEATTLE TACOMA INTERNATIONAL AIRPORT, WA US","47.4444","-122.3138","112.8","2017-02-18","0.15",",,W,2400","44","H,,S"
"USW00024233","SEATTLE TACOMA INTERNATIONAL AIRPORT, WA US","47.4444","-122.3138","112.8","2017-02-19","0.06",",,W,2400","44","H,,S"
"USW00024233","SEATTLE TACOMA INTERNATIONAL AIRPORT, WA US","47.4444","-122.3138","112.8","2017-02-20","0.20",",,W,2400","43","H,,S"
"USW00024233","SEATTLE TACOMA INTERNATIONAL AIRPORT, WA US","47.4444","-122.3138","112.8","2017-02-21","0.07",",,W,2400","43","H,,S"
"USW00024233","SEATTLE TACOMA INTERNATIONAL AIRPORT, WA US","47.4444","-122.3138","112.8","2017-02-22","0.00",",,W,2400","41","H,,S"
"USW00024233","SEATTLE TACOMA INTERNATIONAL AIRPORT, WA US","47.4444","-122.3138","112.8","2017-02-23","0.01",",,W,2400","38","H,,S"
"USW00024233","SEATTLE TACOMA INTERNATIONAL AIRPORT, WA US","47.4444","-122.3138","112.8","2017-02-24","0.00","T,,W,2400","37","H,,S"
"USW00024233","SEATTLE TACOMA INTERNATIONAL AIRPORT, WA US","47.4444","-122.3138","112.8","2017-02-25","0.01",",,W,2400","39","H,,S"
"USW00024233","SEATTLE TACOMA INTERNATIONAL AIRPORT, WA US","47.4444","-122.3138","112.8","2017-02-26","0.33",",,W,2400","39","H,,S"
"USW00024233","SEATTLE TACOMA INTERNATIONAL AIRPORT, WA US","47.4444","-122.3138","112.8","2017-02-27","0.16",",,W,2400","38","H,,S"
"USW00024233","SEATTLE TACOMA INTERNATIONAL AIRPORT, WA US","47.4444","-122.3138","112.8","2017-02-28","0.01",",,W,2400","37","H,,S"
"USW00024233","SEATTLE TACOMA INTERNATIONAL AIRPORT, WA US","47.4444","-122.3138","112.8","2017-03-01","0.02",",,W,2400","44","H,,S"
"USW00024233","SEATTLE TACOMA INTERNATIONAL AIRPORT, WA US","47.4444","-122.3138","112.8","2017-03-02","0.09",",,W,2400","44","H,,S"
"USW00024233","SEATTLE TACOMA INTERNATIONAL AIRPORT, WA US","47.4444","-122.3138","112.8","2017-03-03","0.36",",,W,2400","47","H,,S"
"USW00024233","SEATTLE TACOMA INTERNATIONAL AIRPORT, WA US","47.4444","-122.3138","112.8","2017-03-04","0.04",",,W,2400","41","H,,S"
"USW00024233","SEATTLE TACOMA INTERNATIONAL AIRPORT, WA US","47.4444","-122.3138","112.8","2017-03-05","0.00","T,,W,2400","40","H,,S"
"USW00024233","SEATTLE TACOMA INTERNATIONAL AIRPORT, WA US","47.4444","-122.3138","112.8","2017-03-06","0.00","T,,W,2400","38","H,,S"
"USW00024233","SEATTLE TACOMA INTERNATIONAL AIRPORT, WA US","47.4444","-122.3138","112.8","2017-03-07","0.75",",,W,2400","37","H,,S"
"USW00024233","SEATTLE TACOMA INTERNATIONAL AIRPORT, WA US","47.4444","-122.3138","112.8","2017-03-08","0.13",",,W,2400","41","H,,S"
"USW00024233","SEATTLE TACOMA INTERNATIONAL AIRPORT, WA US","47.4444","-122.3138","112.8","2017-03-09","0.70",",,W,2400","39","H,,S"
"USW00024233","SEATTLE TACOMA INTERNATIONAL AIRPORT, WA US","47.4444","-122.3138","112.8","2017-03-10","0.03",",,W,2400","48","H,,S"
"USW00024233","SEATTLE TACOMA INTERNATIONAL AIRPORT, WA US","47.4444","-122.3138","112.8","2017-03-11","0.37",",,W,2400","45","H,,S"
"USW00024233","SEATTLE TACOMA INTERNATIONAL AIRPORT, WA US","47.4444","-122.3138","112.8","2017-03-12","0.02",",,W,2400","48","H,,S"
"USW00024233","SEATTLE TACOMA INTERNATIONAL AIRPORT, WA US","47.4444","-122.3138","112.8","2017-03-13","0.65",",,W,2400","50","H,,S"
"USW00024233","SEATTLE TACOMA INTERNATIONAL AIRPORT, WA US","47.4444","-122.3138","112.8","2017-03-14","0.39",",,W,2400","52","H,,S"
"USW00024233","SEATTLE TACOMA INTERNATIONAL AIRPORT, WA US","47.4444","-122.3138","112.8","2017-03-15","0.81",",,W,2400","50","H,,S"
"USW00024233","SEATTLE TACOMA INTERNATIONAL AIRPORT, WA US","47.4444","-122.3138","112.8","2017-03-16","0.00",",,W,2400","45","H,,S"
"USW00024233","SEATTLE TACOMA INTERNATIONAL AIRPORT, WA US","47.4444","-122.3138","112.8","2017-03-17","0.68",",,W,2400","43","H,,S"
"USW00024233","SEATTLE TACOMA INTERNATIONAL AIRPORT, WA US","47.4444","-122.3138","112.8","2017-03-18","0.34",",,W,2400","48","H,,S"
"USW00024233","SEATTLE TACOMA INTERNATIONAL AIRPORT, WA US","47.4444","-122.3138","112.8","2017-03-19","0.00",",,W,2400","42","H,,S"
"USW00024233","SEATTLE TACOMA INTERNATIONAL AIRPORT, WA US","47.4444","-122.3138","112.8","2017-03-20","0.01",",,W,2400","45","H,,S"
"USW00024233","SEATTLE TACOMA INTERNATIONAL AIRPORT, WA US","47.4444","-122.3138","112.8","2017-03-21","0.20",",,W,2400","49","H,,S"
"USW00024233","SEATTLE TACOMA INTERNATIONAL AIRPORT, WA US","47.4444","-122.3138","112.8","2017-03-22","0.02",",,W,2400","51","H,,S"
"USW00024233","SEATTLE TACOMA INTERNATIONAL AIRPORT, WA US","47.4444","-122.3138","112.8","2017-03-23","0.26",",,W,2400","46","H,,S"
"USW00024233","SEATTLE TACOMA INTERNATIONAL AIRPORT, WA US","47.4444","-122.3138","112.8","2017-03-24","0.24",",,W,2400","49","H,,S"
"USW00024233","SEATTLE TACOMA INTERNATIONAL AIRPORT, WA US","47.4444","-122.3138","112.8","2017-03-25","0.01",",,W,2400","47","H,,S"
"USW00024233","SEATTLE TACOMA INTERNATIONAL AIRPORT, WA US","47.4444","-122.3138","112.8","2017-03-26","0.38",",,W,2400","46","H,,S"
"USW00024233","SEATTLE TACOMA INTERNATIONAL AIRPORT, WA US","47.4444","-122.3138","112.8","2017-03-27","0.17",",,W,2400","47","H,,S"
"USW00024233","SEATTLE TACOMA INTERNATIONAL AIRPORT, WA US","47.4444","-122.3138","112.8","2017-03-28","0.14",",,W,2400","47","H,,S"
"USW00024233","SEATTLE TACOMA INTERNATIONAL AIRPORT, WA US","47.4444","-122.3138","112.8","2017-03-29","0.51",",,W,2400","49","H,,S"
"USW00024233","SEATTLE TACOMA INTERNATIONAL AIRPORT, WA US","47.4444","-122.3138","112.8","2017-03-30","0.00","T,,W,2400","47","H,,S"
"USW00024233","SEATTLE TACOMA INTERNATIONAL AIRPORT, WA US","47.4444","-122.3138","112.8","2017-03-31","0.00",",,W,2400","47","H,,S"
"USW00024233","SEATTLE TACOMA INTERNATIONAL AIRPORT, WA US","47.4444","-122.3138","112.8","2017-04-01","0.04",",,W,2400","50","H,,S"
"USW00024233","SEATTLE TACOMA INTERNATIONAL AIRPORT, WA US","47.4444","-122.3138","112.8","2017-04-02","0.04",",,W,2400","48","H,,S"
"USW00024233","SEATTLE TACOMA INTERNATIONAL AIRPORT, WA US","47.4444","-122.3138","112.8","2017-04-03","0.00",",,W,2400","46","H,,S"
"USW00024233","SEATTLE TACOMA INTERNATIONAL AIRPORT, WA US","47.4444","-122.3138","112.8","2017-04-04","0.12",",,W,2400","49","H,,S"
"USW00024233","SEATTLE TACOMA INTERNATIONAL AIRPORT, WA US","47.4444","-122.3138","112.8","2017-04-05","0.46",",,W,2400","51","H,,S"
"USW00024233","SEATTLE TACOMA INTERNATIONAL AIRPORT, WA US","47.4444","-122.3138","112.8","2017-04-06","0.26",",,W,2400","51","H,,S"
"USW00024233","SEATTLE TACOMA INTERNATIONAL AIRPORT, WA US","47.4444","-122.3138","112.8","2017-04-07","0.10",",,W,2400","53","H,,S"
"USW00024233","SEATTLE TACOMA INTERNATIONAL AIRPORT, WA US","47.4444","-122.3138","112.8","2017-04-08","0.01",",,W,2400","47","H,,S"
"USW00024233","SEATTLE TACOMA INTERNATIONAL AIRPORT, WA US","47.4444","-122.3138","112.8","2017-04-09","0.00","T,,W,2400","46","H,,S"
"USW00024233","SEATTLE TACOMA INTERNATIONAL AIRPORT, WA US","47.4444","-122.3138","112.8","2017-04-10","0.38",",,W,2400","49","H,,S"
"USW00024233","SEATTLE TACOMA INTERNATIONAL AIRPORT, WA US","47.4444","-122.3138","112.8","2017-04-11","0.02",",,W,2400","46","H,,S"
"USW00024233","SEATTLE TACOMA INTERNATIONAL AIRPORT, WA US","47.4444","-122.3138","112.8","2017-04-12","0.85",",,W,2400","51","H,,S"
"USW00024233","SEATTLE TACOMA INTERNATIONAL AIRPORT, WA US","47.4444","-122.3138","112.8","2017-04-13","0.08",",,W,2400","49","H,,S"
"USW00024233","SEATTLE TACOMA INTERNATIONAL AIRPORT, WA US","47.4444","-122.3138","112.8","2017-04-14","0.01",",,W,2400","46","H,,S"
"USW00024233","SEATTLE TACOMA INTERNATIONAL AIRPORT, WA US","47.4444","-122.3138","112.8","2017-04-15","0.00",",,W,2400","47","H,,S"
"USW00024233","SEATTLE TACOMA INTERNATIONAL AIRPORT, WA US","47.4444","-122.3138","112.8","2017-04-16","0.00",",,W,2400","52","H,,S"
"USW00024233","SEATTLE TACOMA INTERNATIONAL AIRPORT, WA US","47.4444","-122.3138","112.8","2017-04-17","0.07",",,W,2400","57","H,,S"
"USW00024233","SEATTLE TACOMA INTERNATIONAL AIRPORT, WA US","47.4444","-122.3138","112.8","2017-04-18","0.48",",,W,2400","52","H,,S"
"USW00024233","SEATTLE TACOMA INTERNATIONAL AIRPORT, WA US","47.4444","-122.3138","112.8","2017-04-19","0.35",",,W,2400","51","H,,S"
"USW00024233","SEATTLE TACOMA INTERNATIONAL AIRPORT, WA US","47.4444","-122.3138","112.8","2017-04-20","0.01",",,W,2400","50","H,,S"
"USW00024233","SEATTLE TACOMA INTERNATIONAL AIRPORT, WA US","47.4444","-122.3138","112.8","2017-04-21","0.00",",,W,2400","52","H,,S"
"USW00024233","SEATTLE TACOMA INTERNATIONAL AIRPORT, WA US","47.4444","-122.3138","112.8","2017-04-22","0.07",",,W,2400","60","H,,S"
"USW00024233","SEATTLE TACOMA INTERNATIONAL AIRPORT, WA US","47.4444","-122.3138","112.8","2017-04-23","0.49",",,W,2400","51","H,,S"
"USW00024233","SEATTLE TACOMA INTERNATIONAL AIRPORT, WA US","47.4444","-122.3138","112.8","2017-04-24","0.06",",,W,2400","48","H,,S"
"USW00024233","SEATTLE TACOMA INTERNATIONAL AIRPORT, WA US","47.4444","-122.3138","112.8","2017-04-25","0.05",",,W,2400","51","H,,S"
"USW00024233","SEATTLE TACOMA INTERNATIONAL AIRPORT, WA US","47.4444","-122.3138","112.8","2017-04-26","0.00","T,,W,2400","51","H,,S"
"USW00024233","SEATTLE TACOMA INTERNATIONAL AIRPORT, WA US","47.4444","-122.3138","112.8","2017-04-27","0.04",",,W,2400","48","H,,S"
"USW00024233","SEATTLE TACOMA INTERNATIONAL AIRPORT, WA US","47.4444","-122.3138","112.8","2017-04-28","0.00","T,,W,2400","49","H,,S"
"USW00024233","SEATTLE TACOMA INTERNATIONAL AIRPORT, WA US","47.4444","-122.3138","112.8","2017-04-29","0.14",",,W,2400","51","H,,S"
"USW00024233","SEATTLE TACOMA INTERNATIONAL AIRPORT, WA US","47.4444","-122.3138","112.8","2017-04-30","0.08",",,W,2400","50","H,,S"
"USW00024233","SEATTLE TACOMA INTERNATIONAL AIRPORT, WA US","47.4444","-122.3138","112.8","2017-05-01","0.03",",,W,2400","48","H,,S"
"USW00024233","SEATTLE TACOMA INTERNATIONAL AIRPORT, WA US","47.4444","-122.3138","112.8","2017-05-02","0.13",",,W,2400","51","H,,S"
"USW00024233","SEATTLE TACOMA INTERNATIONAL AIRPORT, WA US","47.4444","-122.3138","112.8","2017-05-03","0.11",",,W,2400","59","H,,S"
"USW00024233","SEATTLE TACOMA INTERNATIONAL AIRPORT, WA US","47.4444","-122.3138","112.8","2017-05-04","0.44",",,W,2400","62","H,,S"
"USW00024233","SEATTLE TACOMA INTERNATIONAL AIRPORT, WA US","47.4444","-122.3138","112.8","2017-05-05","0.25",",,W,2400","58","H,,S"
"USW00024233","SEATTLE TACOMA INTERNATIONAL AIRPORT, WA US","47.4444","-122.3138","112.8","2017-05-06","0.02",",,W,2400","50","H,,S"
"USW00024233","SEATTLE TACOMA INTERNATIONAL AIRPORT, WA US","47.4444","-122.3138","112.8","2017-05-07","0.00",",,W,2400","51","H,,S"
"USW00024233","SEATTLE TACOMA INTERNATIONAL AIRPORT, WA US","47.4444","-122.3138","112.8","2017-05-08","0.00",",,W,2400","54","H,,S"
"USW00024233","SEATTLE TACOMA INTERNATIONAL AIRPORT, WA US","47.4444","-122.3138","112.8","2017-05-09","0.00",",,W,2400","56","H,,S"
"USW00024233","SEATTLE TACOMA INTERNATIONAL AIRPORT, WA US","47.4444","-122.3138","112.8","2017-05-10","0.00",",,W,2400","58","H,,S"
"USW00024233","SEATTLE TACOMA INTERNATIONAL AIRPORT, WA US","47.4444","-122.3138","112.8","2017-05-11","0.47",",,W,2400","58","H,,S"
"USW00024233","SEATTLE TACOMA INTERNATIONAL AIRPORT, WA US","47.4444","-122.3138","112.8","2017-05-12","0.16",",,W,2400","48","H,,S"
"USW00024233","SEATTLE TACOMA INTERNATIONAL AIRPORT, WA US","47.4444","-122.3138","112.8","2017-05-13","0.03",",,W,2400","49","H,,S"
"USW00024233","SEATTLE TACOMA INTERNATIONAL AIRPORT, WA US","47.4444","-122.3138","112.8","2017-05-14","0.04",",,W,2400","51","H,,S"
"USW00024233","SEATTLE TACOMA INTERNATIONAL AIRPORT, WA US","47.4444","-122.3138","112.8","2017-05-15","0.33",",,W,2400","50","H,,S"
"USW00024233","SEATTLE TACOMA INTERNATIONAL AIRPORT, WA US","47.4444","-122.3138","112.8","2017-05-16","0.15",",,W,2400","47","H,,S"
"USW00024233","SEATTLE TACOMA INTERNATIONAL AIRPORT, WA US","47.4444","-122.3138","112.8","2017-05-17","0.00",",,W,2400","50","H,,S"
"USW00024233","SEATTLE TACOMA INTERNATIONAL AIRPORT, WA US","47.4444","-122.3138","112.8","2017-05-18","0.00",",,W,2400","54","H,,S"
"USW00024233","SEATTLE TACOMA INTERNATIONAL AIRPORT, WA US","47.4444","-122.3138","112.8","2017-05-19","0.00",",,W,2400","59","H,,S"
"USW00024233","SEATTLE TACOMA INTERNATIONAL AIRPORT, WA US","47.4444","-122.3138","112.8","2017-05-20","0.00",",,W,2400","62","H,,S"
"USW00024233","SEATTLE TACOMA INTERNATIONAL AIRPORT, WA US","47.4444","-122.3138","112.8","2017-05-21","0.00",",,W,2400","64","H,,S"
"USW00024233","SEATTLE TACOMA INTERNATIONAL AIRPORT, WA US","47.4444","-122.3138","112.8","2017-05-22","0.00",",,W,2400","68","H,,S"
"USW00024233","SEATTLE TACOMA INTERNATIONAL AIRPORT, WA US","47.4444","-122.3138","112.8","2017-05-23","0.00",",,W,2400","70","H,,S"
"USW00024233","SEATTLE TACOMA INTERNATIONAL AIRPORT, WA US","47.4444","-122.3138","112.8","2017-05-24","0.00",",,W,2400","56","H,,S"
"USW00024233","SEATTLE TACOMA INTERNATIONAL AIRPORT, WA US","47.4444","-122.3138","112.8","2017-05-25","0.00",",,W,2400","57","H,,S"
"USW00024233","SEATTLE TACOMA INTERNATIONAL AIRPORT, WA US","47.4444","-122.3138","112.8","2017-05-26","0.00",",,W,2400","64","H,,S"
"USW00024233","SEATTLE TACOMA INTERNATIONAL AIRPORT, WA US","47.4444","-122.3138","112.8","2017-05-27","0.00",",,W,2400","70","H,,S"
"USW00024233","SEATTLE TACOMA INTERNATIONAL AIRPORT, WA US","47.4444","-122.3138","112.8","2017-05-28","0.00",",,W,2400","71","H,,S"
"USW00024233","SEATTLE TACOMA INTERNATIONAL AIRPORT, WA US","47.4444","-122.3138","112.8","2017-05-29","0.00",",,W,2400","63","H,,S"
"USW00024233","SEATTLE TACOMA INTERNATIONAL AIRPORT, WA US","47.4444","-122.3138","112.8","2017-05-30","0.01",",,W,2400","58","H,,S"
"USW00024233","SEATTLE TACOMA INTERNATIONAL AIRPORT, WA US","47.4444","-122.3138","112.8","2017-05-31","0.11",",,W,2400","58","H,,S"
"USW00024233","SEATTLE TACOMA INTERNATIONAL AIRPORT, WA US","47.4444","-122.3138","112.8","2017-06-01","0.02",",,W,2400","61","H,,S"
"USW00024233","SEATTLE TACOMA INTERNATIONAL AIRPORT, WA US","47.4444","-122.3138","112.8","2017-06-02","0.00",",,W,2400","60","H,,S"
"USW00024233","SEATTLE TACOMA INTERNATIONAL AIRPORT, WA US","47.4444","-122.3138","112.8","2017-06-03","0.00",",,W,2400","61","H,,S"
"USW00024233","SEATTLE TACOMA INTERNATIONAL AIRPORT, WA US","47.4444","-122.3138","112.8","2017-06-04","0.00",",,W,2400","58","H,,S"
"USW00024233","SEATTLE TACOMA INTERNATIONAL AIRPORT, WA US","47.4444","-122.3138","112.8","2017-06-05","0.00",",,W,2400","60","H,,S"
"USW00024233","SEATTLE TACOMA INTERNATIONAL AIRPORT, WA US","47.4444","-122.3138","112.8","2017-06-06","0.00",",,W,2400","65","H,,S"
"USW00024233","SEATTLE TACOMA INTERNATIONAL AIRPORT, WA US","47.4444","-122.3138","112.8","2017-06-07","0.03",",,W,2400","68","H,,S"
"USW00024233","SEATTLE TACOMA INTERNATIONAL AIRPORT, WA US","47.4444","-122.3138","112.8","2017-06-08","0.31",",,W,2400","61","H,,S"
"USW00024233","SEATTLE TACOMA INTERNATIONAL AIRPORT, WA US","47.4444","-122.3138","112.8","2017-06-09","0.05",",,W,2400","56","H,,S"
"USW00024233","SEATTLE TACOMA INTERNATIONAL AIRPORT, WA US","47.4444","-122.3138","112.8","2017-06-10","0.00",",,W,2400","55","H,,S"
"USW00024233","SEATTLE TACOMA INTERNATIONAL AIRPORT, WA US","47.4444","-122.3138","112.8","2017-06-11","0.00",",,W,2400","58","H,,S"
"USW00024233","SEATTLE TACOMA INTERNATIONAL AIRPORT, WA US","47.4444","-122.3138","112.8","2017-06-12","0.00","T,,W,2400","59","H,,S"
"USW00024233","SEATTLE TACOMA INTERNATIONAL AIRPORT, WA US","47.4444","-122.3138","112.8","2017-06-13","0.00","T,,W,2400","57","H,,S"
"USW00024233","SEATTLE TACOMA INTERNATIONAL AIRPORT, WA US","47.4444","-122.3138","112.8","2017-06-14","0.00",",,W,2400","57","H,,S"
"USW00024233","SEATTLE TACOMA INTERNATIONAL AIRPORT, WA US","47.4444","-122.3138","112.8","2017-06-15","1.05",",,W,2400","58","H,,S"
"USW00024233","SEATTLE TACOMA INTERNATIONAL AIRPORT, WA US","47.4444","-122.3138","112.8","2017-06-16","0.00",",,W,2400","59","H,,S"
"USW00024233","SEATTLE TACOMA INTERNATIONAL AIRPORT, WA US","47.4444","-122.3138","112.8","2017-06-17","0.06",",,W,2400","58","H,,S"
"USW00024233","SEATTLE TACOMA INTERNATIONAL AIRPORT, WA US","47.4444","-122.3138","112.8","2017-06-18","0.00","T,,W,2400","59","H,,S"
"USW00024233","SEATTLE TACOMA INTERNATIONAL AIRPORT, WA US","47.4444","-122.3138","112.8","2017-06-19","0.00",",,W,2400","63","H,,S"
"USW00024233","SEATTLE TACOMA INTERNATIONAL AIRPORT, WA US","47.4444","-122.3138","112.8","2017-06-20","0.00","T,,W,2400","65","H,,S"
"USW00024233","SEATTLE TACOMA INTERNATIONAL AIRPORT, WA US","47.4444","-122.3138","112.8","2017-06-21","0.00",",,W,2400","60","H,,S"
"USW00024233","SEATTLE TACOMA INTERNATIONAL AIRPORT, WA US","47.4444","-122.3138","112.8","2017-06-22","0.00",",,W,2400","62","H,,S"
"USW00024233","SEATTLE TACOMA INTERNATIONAL AIRPORT, WA US","47.4444","-122.3138","112.8","2017-06-23","0.00",",,W,2400","67","H,,S"
"USW00024233","SEATTLE TACOMA INTERNATIONAL AIRPORT, WA US","47.4444","-122.3138","112.8","2017-06-24","0.00",",,W,2400","73","H,,S"
"USW00024233","SEATTLE TACOMA INTERNATIONAL AIRPORT, WA US","47.4444","-122.3138","112.8","2017-06-25","0.00",",,W,2400","79","H,,S"
"USW00024233","SEATTLE TACOMA INTERNATIONAL AIRPORT, WA US","47.4444","-122.3138","112.8","2017-06-26","0.00","T,,W,2400","70","H,,S"
"USW00024233","SEATTLE TACOMA INTERNATIONAL AIRPORT, WA US","47.4444","-122.3138","112.8","2017-06-27","0.00",",,W,2400","60","H,,S"
"USW00024233","SEATTLE TACOMA INTERNATIONAL AIRPORT, WA US","47.4444","-122.3138","112.8","2017-06-28","0.00",",,W,2400","61","H,,S"
"USW00024233","SEATTLE TACOMA INTERNATIONAL AIRPORT, WA US","47.4444","-122.3138","112.8","2017-06-29","0.00",",,W,2400","62","H,,S"
"USW00024233","SEATTLE TACOMA INTERNATIONAL AIRPORT, WA US","47.4444","-122.3138","112.8","2017-06-30","0.00",",,W,2400","69","H,,S"
"USW00024233","SEATTLE TACOMA INTERNATIONAL AIRPORT, WA US","47.4444","-122.3138","112.8","2017-07-01","0.00",",,W,2400","64","H,,S"
"USW00024233","SEATTLE TACOMA INTERNATIONAL AIRPORT, WA US","47.4444","-122.3138","112.8","2017-07-02","0.00",",,W,2400","62","H,,S"
"USW00024233","SEATTLE TACOMA INTERNATIONAL AIRPORT, WA US","47.4444","-122.3138","112.8","2017-07-03","0.00",",,W,2400","64","H,,S"
"USW00024233","SEATTLE TACOMA INTERNATIONAL AIRPORT, WA US","47.4444","-122.3138","112.8","2017-07-04","0.00",",,W,2400","64","H,,S"
"USW00024233","SEATTLE TACOMA INTERNATIONAL AIRPORT, WA US","47.4444","-122.3138","112.8","2017-07-05","0.00",",,W,2400","69","H,,S"
"USW00024233","SEATTLE TACOMA INTERNATIONAL AIRPORT, WA US","47.4444","-122.3138","112.8","2017-07-06","0.00",",,W,2400","70","H,,S"
"USW00024233","SEATTLE TACOMA INTERNATIONAL AIRPORT, WA US","47.4444","-122.3138","112.8","2017-07-07","0.00",",,W,2400","67","H,,S"
"USW00024233","SEATTLE TACOMA INTERNATIONAL AIRPORT, WA US","47.4444","-122.3138","112.8","2017-07-08","0.00",",,W,2400","67","H,,S"
"USW00024233","SEATTLE TACOMA INTERNATIONAL AIRPORT, WA US","47.4444","-122.3138","112.8","2017-07-09","0.00",",,W,2400","69","H,,S"
"USW00024233","SEATTLE TACOMA INTERNATIONAL AIRPORT, WA US","47.4444","-122.3138","112.8","2017-07-10","0.00",",,W,2400","66","H,,S"
"USW00024233","SEATTLE TACOMA INTERNATIONAL AIRPORT, WA US","47.4444","-122.3138","112.8","2017-07-11","0.00",",,W,2400","62","H,,S"
"USW00024233","SEATTLE TACOMA INTERNATIONAL AIRPORT, WA US","47.4444","-122.3138","112.8","2017-07-12","0.00",",,W,2400","64","H,,S"
"USW00024233","SEATTLE TACOMA INTERNATIONAL AIRPORT, WA US","47.4444","-122.3138","112.8","2017-07-13","0.00",",,W,2400","66","H,,S"
"USW00024233","SEATTLE TACOMA INTERNATIONAL AIRPORT, WA US","47.4444","-122.3138","112.8","2017-07-14","0.00",",,W,2400","65","H,,S"
"USW00024233","SEATTLE TACOMA INTERNATIONAL AIRPORT, WA US","47.4444","-122.3138","112.8","2017-07-15","0.00",",,W,2400","66","H,,S"
"USW00024233","SEATTLE TACOMA INTERNATIONAL AIRPORT, WA US","47.4444","-122.3138","112.8","2017-07-16","0.00",",,W,2400","63","H,,S"
"USW00024233","SEATTLE TACOMA INTERNATIONAL AIRPORT, WA US","47.4444","-122.3138","112.8","2017-07-17","0.00",",,W,2400","65","H,,S"
"USW00024233","SEATTLE TACOMA INTERNATIONAL AIRPORT, WA US","47.4444","-122.3138","112.8","2017-07-18","0.00",",,W,2400","68","H,,S"
"USW00024233","SEATTLE TACOMA INTERNATIONAL AIRPORT, WA US","47.4444","-122.3138","112.8","2017-07-19","0.00",",,W,2400","66","H,,S"
"USW00024233","SEATTLE TACOMA INTERNATIONAL AIRPORT, WA US","47.4444","-122.3138","112.8","2017-07-20","0.00",",,W,2400","66","H,,S"
"USW00024233","SEATTLE TACOMA INTERNATIONAL AIRPORT, WA US","47.4444","-122.3138","112.8","2017-07-21","0.00",",,W,2400","65","H,,S"
"USW00024233","SEATTLE TACOMA INTERNATIONAL AIRPORT, WA US","47.4444","-122.3138","112.8","2017-07-22","0.00",",,W,2400","70","H,,S"
"USW00024233","SEATTLE TACOMA INTERNATIONAL AIRPORT, WA US","47.4444","-122.3138","112.8","2017-07-23","0.00",",,W,2400","70","H,,S"
"USW00024233","SEATTLE TACOMA INTERNATIONAL AIRPORT, WA US","47.4444","-122.3138","112.8","2017-07-24","0.00",",,W,2400","68","H,,S"
"USW00024233","SEATTLE TACOMA INTERNATIONAL AIRPORT, WA US","47.4444","-122.3138","112.8","2017-07-25","0.00",",,W,2400","72","H,,S"
"USW00024233","SEATTLE TACOMA INTERNATIONAL AIRPORT, WA US","47.4444","-122.3138","112.8","2017-07-26","0.00",",,W,2400","70","H,,S"
"USW00024233","SEATTLE TACOMA INTERNATIONAL AIRPORT, WA US","47.4444","-122.3138","112.8","2017-07-27","0.00","T,,W,2400","65","H,,S"
"USW00024233","SEATTLE TACOMA INTERNATIONAL AIRPORT, WA US","47.4444","-122.3138","112.8","2017-07-28","0.00",",,W,2400","65","H,,S"
"USW00024233","SEATTLE TACOMA INTERNATIONAL AIRPORT, WA US","47.4444","-122.3138","112.8","2017-07-29","0.00",",,W,2400","67","H,,S"
"USW00024233","SEATTLE TACOMA INTERNATIONAL AIRPORT, WA US","47.4444","-122.3138","112.8","2017-07-30","0.00",",,W,2400","68","H,,S"
"USW00024233","SEATTLE TACOMA INTERNATIONAL AIRPORT, WA US","47.4444","-122.3138","112.8","2017-07-31","0.00",",,W,2400","70","H,,S"
"USW00024233","SEATTLE TACOMA INTERNATIONAL AIRPORT, WA US","47.4444","-122.3138","112.8","2017-08-01","0.00",",,W,2400","74","H,,S"
"USW00024233","SEATTLE TACOMA INTERNATIONAL AIRPORT, WA US","47.4444","-122.3138","112.8","2017-08-02","0.00",",,W,2400","78","H,,S"
"USW00024233","SEATTLE TACOMA INTERNATIONAL AIRPORT, WA US","47.4444","-122.3138","112.8","2017-08-03","0.00",",,W,2400","80","H,,S"
"USW00024233","SEATTLE TACOMA INTERNATIONAL AIRPORT, WA US","47.4444","-122.3138","112.8","2017-08-04","0.00",",,W,2400","79","H,,S"
"USW00024233","SEATTLE TACOMA INTERNATIONAL AIRPORT, WA US","47.4444","-122.3138","112.8","2017-08-05","0.00",",,W,2400","70","H,,S"
"USW00024233","SEATTLE TACOMA INTERNATIONAL AIRPORT, WA US","47.4444","-122.3138","112.8","2017-08-06","0.00",",,W,2400","69","H,,S"
"USW00024233","SEATTLE TACOMA INTERNATIONAL AIRPORT, WA US","47.4444","-122.3138","112.8","2017-08-07","0.00",",,W,2400","69","H,,S"
"USW00024233","SEATTLE TACOMA INTERNATIONAL AIRPORT, WA US","47.4444","-122.3138","112.8","2017-08-08","0.00",",,W,2400","72","H,,S"
"USW00024233","SEATTLE TACOMA INTERNATIONAL AIRPORT, WA US","47.4444","-122.3138","112.8","2017-08-09","0.00",",,W,2400","74","H,,S"
"USW00024233","SEATTLE TACOMA INTERNATIONAL AIRPORT, WA US","47.4444","-122.3138","112.8","2017-08-10","0.00",",,W,2400","72","H,,S"
"USW00024233","SEATTLE TACOMA INTERNATIONAL AIRPORT, WA US","47.4444","-122.3138","112.8","2017-08-11","0.00",",,W,2400","69","H,,S"
"USW00024233","SEATTLE TACOMA INTERNATIONAL AIRPORT, WA US","47.4444","-122.3138","112.8","2017-08-12","0.02",",,W,2400","65","H,,S"
"USW00024233","SEATTLE TACOMA INTERNATIONAL AIRPORT, WA US","47.4444","-122.3138","112.8","2017-08-13","0.00","T,,W,2400","65","H,,S"
"USW00024233","SEATTLE TACOMA INTERNATIONAL AIRPORT, WA US","47.4444","-122.3138","112.8","2017-08-14","0.00",",,W,2400","64","H,,S"
"USW00024233","SEATTLE TACOMA INTERNATIONAL AIRPORT, WA US","47.4444","-122.3138","112.8","2017-08-15","0.00",",,W,2400","65","H,,S"
"USW00024233","SEATTLE TACOMA INTERNATIONAL AIRPORT, WA US","47.4444","-122.3138","112.8","2017-08-16","0.00",",,W,2400","67","H,,S"
"USW00024233","SEATTLE TACOMA INTERNATIONAL AIRPORT, WA US","47.4444","-122.3138","112.8","2017-08-17","0.00",",,W,2400","66","H,,S"
"USW00024233","SEATTLE TACOMA INTERNATIONAL AIRPORT, WA US","47.4444","-122.3138","112.8","2017-08-18","0.00",",,W,2400","64","H,,S"
"USW00024233","SEATTLE TACOMA INTERNATIONAL AIRPORT, WA US","47.4444","-122.3138","112.8","2017-08-19","0.00",",,W,2400","67","H,,S"
"USW00024233","SEATTLE TACOMA INTERNATIONAL AIRPORT, WA US","47.4444","-122.3138","112.8","2017-08-20","0.00",",,W,2400","66","H,,S"
"USW00024233","SEATTLE TACOMA INTERNATIONAL AIRPORT, WA US","47.4444","-122.3138","112.8","2017-08-21","0.00",",,W,2400","68","H,,S"
"USW00024233","SEATTLE TACOMA INTERNATIONAL AIRPORT, WA US","47.4444","-122.3138","112.8","2017-08-22","0.00",",,W,2400","73","H,,S"
"USW00024233","SEATTLE TACOMA INTERNATIONAL AIRPORT, WA US","47.4444","-122.3138","112.8","2017-08-23","0.00",",,W,2400","67","H,,S"
"USW00024233","SEATTLE TACOMA INTERNATIONAL AIRPORT, WA US","47.4444","-122.3138","112.8","2017-08-24","0.00",",,W,2400","65","H,,S"
"USW00024233","SEATTLE TACOMA INTERNATIONAL AIRPORT, WA US","47.4444","-122.3138","112.8","2017-08-25","0.00",",,W,2400","65","H,,S"
"USW00024233","SEATTLE TACOMA INTERNATIONAL AIRPORT, WA US","47.4444","-122.3138","112.8","2017-08-26","0.00",",,W,2400","67","H,,S"
"USW00024233","SEATTLE TACOMA INTERNATIONAL AIRPORT, WA US","47.4444","-122.3138","112.8","2017-08-27","0.00",",,W,2400","72","H,,S"
"USW00024233","SEATTLE TACOMA INTERNATIONAL AIRPORT, WA US","47.4444","-122.3138","112.8","2017-08-28","0.00",",,W,2400","75","H,,S"
"USW00024233","SEATTLE TACOMA INTERNATIONAL AIRPORT, WA US","47.4444","-122.3138","112.8","2017-08-29","0.00",",,W,2400","74","H,,S"
"USW00024233","SEATTLE TACOMA INTERNATIONAL AIRPORT, WA US","47.4444","-122.3138","112.8","2017-08-30","0.00",",,W,2400","67","H,,S"
"USW00024233","SEATTLE TACOMA INTERNATIONAL AIRPORT, WA US","47.4444","-122.3138","112.8","2017-08-31","0.00",",,W,2400","67","H,,S"
"USW00024233","SEATTLE TACOMA INTERNATIONAL AIRPORT, WA US","47.4444","-122.3138","112.8","2017-09-01","0.00",",,W,2400","68","H,,S"
"USW00024233","SEATTLE TACOMA INTERNATIONAL AIRPORT, WA US","47.4444","-122.3138","112.8","2017-09-02","0.00",",,W,2400","74","H,,S"
"USW00024233","SEATTLE TACOMA INTERNATIONAL AIRPORT, WA US","47.4444","-122.3138","112.8","2017-09-03","0.00",",,W,2400","77","H,,S"
"USW00024233","SEATTLE TACOMA INTERNATIONAL AIRPORT, WA US","47.4444","-122.3138","112.8","2017-09-04","0.00",",,W,2400","77","H,,S"
"USW00024233","SEATTLE TACOMA INTERNATIONAL AIRPORT, WA US","47.4444","-122.3138","112.8","2017-09-05","0.00",",,W,2400","77","H,,S"
"USW00024233","SEATTLE TACOMA INTERNATIONAL AIRPORT, WA US","47.4444","-122.3138","112.8","2017-09-06","0.00",",,W,2400","72","H,,S"
"USW00024233","SEATTLE TACOMA INTERNATIONAL AIRPORT, WA US","47.4444","-122.3138","112.8","2017-09-07","0.00",",,W,2400","69","H,,S"
"USW00024233","SEATTLE TACOMA INTERNATIONAL AIRPORT, WA US","47.4444","-122.3138","112.8","2017-09-08","0.00",",,W,2400","67","H,,S"
"USW00024233","SEATTLE TACOMA INTERNATIONAL AIRPORT, WA US","47.4444","-122.3138","112.8","2017-09-09","0.00","T,,W,2400","63","H,,S"
"USW00024233","SEATTLE TACOMA INTERNATIONAL AIRPORT, WA US","47.4444","-122.3138","112.8","2017-09-10","0.00",",,W,2400","63","H,,S"
"USW00024233","SEATTLE TACOMA INTERNATIONAL AIRPORT, WA US","47.4444","-122.3138","112.8","2017-09-11","0.00",",,W,2400","65","H,,S"
"USW00024233","SEATTLE TACOMA INTERNATIONAL AIRPORT, WA US","47.4444","-122.3138","112.8","2017-09-12","0.00",",,W,2400","69","H,,S"
"USW00024233","SEATTLE TACOMA INTERNATIONAL AIRPORT, WA US","47.4444","-122.3138","112.8","2017-09-13","0.00",",,W,2400","61","H,,S"
"USW00024233","SEATTLE TACOMA INTERNATIONAL AIRPORT, WA US","47.4444","-122.3138","112.8","2017-09-14","0.00",",,W,2400","63","H,,S"
"USW00024233","SEATTLE TACOMA INTERNATIONAL AIRPORT, WA US","47.4444","-122.3138","112.8","2017-09-15","0.00",",,W,2400","63","H,,S"
"USW00024233","SEATTLE TACOMA INTERNATIONAL AIRPORT, WA US","47.4444","-122.3138","112.8","2017-09-16","0.00",",,W,2400","63","H,,S"
"USW00024233","SEATTLE TACOMA INTERNATIONAL AIRPORT, WA US","47.4444","-122.3138","112.8","2017-09-17","0.15",",,W,2400","61","H,,S"
"USW00024233","SEATTLE TACOMA INTERNATIONAL AIRPORT, WA US","47.4444","-122.3138","112.8","2017-09-18","0.16",",,W,2400","55","H,,S"
"USW00024233","SEATTLE TACOMA INTERNATIONAL AIRPORT, WA US","47.4444","-122.3138","112.8","2017-09-19","0.04",",,W,2400","53","H,,S"
"USW00024233","SEATTLE TACOMA INTERNATIONAL AIRPORT, WA US","47.4444","-122.3138","112.8","2017-09-20","0.13",",,W,2400","53","H,,S"
"USW00024233","SEATTLE TACOMA INTERNATIONAL AIRPORT, WA US","47.4444","-122.3138","112.8","2017-09-21","0.02",",,W,2400","53","H,,S"
"USW00024233","SEATTLE TACOMA INTERNATIONAL AIRPORT, WA US","47.4444","-122.3138","112.8","2017-09-22","0.00",",,W,2400","57","H,,S"
"USW00024233","SEATTLE TACOMA INTERNATIONAL AIRPORT, WA US","47.4444","-122.3138","112.8","2017-09-23","0.00",",,W,2400","60","H,,S"
"USW00024233","SEATTLE TACOMA INTERNATIONAL AIRPORT, WA US","47.4444","-122.3138","112.8","2017-09-24","0.00",",,W,2400","59","H,,S"
"USW00024233","SEATTLE TACOMA INTERNATIONAL AIRPORT, WA US","47.4444","-122.3138","112.8","2017-09-25","0.01",",,W,2400","61","H,,S"
"USW00024233","SEATTLE TACOMA INTERNATIONAL AIRPORT, WA US","47.4444","-122.3138","112.8","2017-09-26","0.00",",,W,2400","63","H,,S"
"USW00024233","SEATTLE TACOMA INTERNATIONAL AIRPORT, WA US","47.4444","-122.3138","112.8","2017-09-27","0.00",",,W,2400","64","H,,S"
"USW00024233","SEATTLE TACOMA INTERNATIONAL AIRPORT, WA US","47.4444","-122.3138","112.8","2017-09-28","0.00",",,W,2400","70","H,,S"
"USW00024233","SEATTLE TACOMA INTERNATIONAL AIRPORT, WA US","47.4444","-122.3138","112.8","2017-09-29","0.07",",,W,2400","65","H,,S"
"USW00024233","SEATTLE TACOMA INTERNATIONAL AIRPORT, WA US","47.4444","-122.3138","112.8","2017-09-30","0.01",",,W,2400","57","H,,S"
"USW00024233","SEATTLE TACOMA INTERNATIONAL AIRPORT, WA US","47.4444","-122.3138","112.8","2017-10-01","0.00",",,W,2400","55","H,,S"
"USW00024233","SEATTLE TACOMA INTERNATIONAL AIRPORT, WA US","47.4444","-122.3138","112.8","2017-10-02","0.00",",,W,2400","53","H,,S"
"USW00024233","SEATTLE TACOMA INTERNATIONAL AIRPORT, WA US","47.4444","-122.3138","112.8","2017-10-03","0.00",",,W,2400","56","H,,S"
"USW00024233","SEATTLE TACOMA INTERNATIONAL AIRPORT, WA US","47.4444","-122.3138","112.8","2017-10-04","0.00",",,W,2400","57","H,,S"
"USW00024233","SEATTLE TACOMA INTERNATIONAL AIRPORT, WA US","47.4444","-122.3138","112.8","2017-10-05","0.00",",,W,2400","56","H,,S"
"USW00024233","SEATTLE TACOMA INTERNATIONAL AIRPORT, WA US","47.4444","-122.3138","112.8","2017-10-06","0.01",",,W,2400","56","H,,S"
"USW00024233","SEATTLE TACOMA INTERNATIONAL AIRPORT, WA US","47.4444","-122.3138","112.8","2017-10-07","0.01",",,W,2400","55","H,,S"
"USW00024233","SEATTLE TACOMA INTERNATIONAL AIRPORT, WA US","47.4444","-122.3138","112.8","2017-10-08","0.01",",,W,2400","53","H,,S"
"USW00024233","SEATTLE TACOMA INTERNATIONAL AIRPORT, WA US","47.4444","-122.3138","112.8","2017-10-09","0.00",",,W,2400","52","H,,S"
"USW00024233","SEATTLE TACOMA INTERNATIONAL AIRPORT, WA US","47.4444","-122.3138","112.8","2017-10-10","0.00","T,,W,2400","52","H,,S"
"USW00024233","SEATTLE TACOMA INTERNATIONAL AIRPORT, WA US","47.4444","-122.3138","112.8","2017-10-11","0.17",",,W,2400","49","H,,S"
"USW00024233","SEATTLE TACOMA INTERNATIONAL AIRPORT, WA US","47.4444","-122.3138","112.8","2017-10-12","0.38",",,W,2400","47","H,,S"
"USW00024233","SEATTLE TACOMA INTERNATIONAL AIRPORT, WA US","47.4444","-122.3138","112.8","2017-10-13","0.00","T,,W,2400","47","H,,S"
"USW00024233","SEATTLE TACOMA INTERNATIONAL AIRPORT, WA US","47.4444","-122.3138","112.8","2017-10-14","0.00",",,W,2400","45","H,,S"
"USW00024233","SEATTLE TACOMA INTERNATIONAL AIRPORT, WA US","47.4444","-122.3138","112.8","2017-10-15","0.00",",,W,2400","51","H,,S"
"USW00024233","SEATTLE TACOMA INTERNATIONAL AIRPORT, WA US","47.4444","-122.3138","112.8","2017-10-16","0.00",",,W,2400","52","H,,S"
"USW00024233","SEATTLE TACOMA INTERNATIONAL AIRPORT, WA US","47.4444","-122.3138","112.8","2017-10-17","0.06",",,W,2400","54","H,,S"
"USW00024233","SEATTLE TACOMA INTERNATIONAL AIRPORT, WA US","47.4444","-122.3138","112.8","2017-10-18","1.35",",,W,2400","52","H,,S"
"USW00024233","SEATTLE TACOMA INTERNATIONAL AIRPORT, WA US","47.4444","-122.3138","112.8","2017-10-19","1.04",",,W,2400","54","H,,S"
"USW00024233","SEATTLE TACOMA INTERNATIONAL AIRPORT, WA US","47.4444","-122.3138","112.8","2017-10-20","0.13",",,W,2400","49","H,,S"
"USW00024233","SEATTLE TACOMA INTERNATIONAL AIRPORT, WA US","47.4444","-122.3138","112.8","2017-10-21","1.61",",,W,2400","47","H,,S"
"USW00024233","SEATTLE TACOMA INTERNATIONAL AIRPORT, WA US","47.4444","-122.3138","112.8","2017-10-22","0.02",",,W,2400","55","H,,S"
"USW00024233","SEATTLE TACOMA INTERNATIONAL AIRPORT, WA US","47.4444","-122.3138","112.8","2017-10-23","0.00",",,W,2400","54","H,,S"
"USW00024233","SEATTLE TACOMA INTERNATIONAL AIRPORT, WA US","47.4444","-122.3138","112.8","2017-10-24","0.00",",,W,2400","55","H,,S"
"USW00024233","SEATTLE TACOMA INTERNATIONAL AIRPORT, WA US","47.4444","-122.3138","112.8","2017-10-25","0.01",",,W,2400","52","H,,S"
"USW00024233","SEATTLE TACOMA INTERNATIONAL AIRPORT, WA US","47.4444","-122.3138","112.8","2017-10-26","0.00",",,W,2400","53","H,,S"
"USW00024233","SEATTLE TACOMA INTERNATIONAL AIRPORT, WA US","47.4444","-122.3138","112.8","2017-10-27","0.00",",,W,2400","53","H,,S"
"USW00024233","SEATTLE TACOMA INTERNATIONAL AIRPORT, WA US","47.4444","-122.3138","112.8","2017-10-28","0.00",",,W,2400","54","H,,S"
"USW00024233","SEATTLE TACOMA INTERNATIONAL AIRPORT, WA US","47.4444","-122.3138","112.8","2017-10-29","0.00",",,W,2400","52","H,,S"
"USW00024233","SEATTLE TACOMA INTERNATIONAL AIRPORT, WA US","47.4444","-122.3138","112.8","2017-10-30","0.00",",,W,2400","54","H,,S"
"USW00024233","SEATTLE TACOMA INTERNATIONAL AIRPORT, WA US","47.4444","-122.3138","112.8","2017-10-31","0.00",",,W,2400","49","H,,S"
"USW00024233","SEATTLE TACOMA INTERNATIONAL AIRPORT, WA US","47.4444","-122.3138","112.8","2017-11-01","0.01",",,W,2400","51","H,,S"
"USW00024233","SEATTLE TACOMA INTERNATIONAL AIRPORT, WA US","47.4444","-122.3138","112.8","2017-11-02","0.19",",,W,2400","48","H,,S"
"USW00024233","SEATTLE TACOMA INTERNATIONAL AIRPORT, WA US","47.4444","-122.3138","112.8","2017-11-03","0.30",",,W,2400","39","H,,S"
"USW00024233","SEATTLE TACOMA INTERNATIONAL AIRPORT, WA US","47.4444","-122.3138","112.8","2017-11-04","0.42",",,W,2400","38","H,,S"
"USW00024233","SEATTLE TACOMA INTERNATIONAL AIRPORT, WA US","47.4444","-122.3138","112.8","2017-11-05","0.61",",,W,2400","37","H,,S"
"USW00024233","SEATTLE TACOMA INTERNATIONAL AIRPORT, WA US","47.4444","-122.3138","112.8","2017-11-06","0.00",",,W,2400","38","H,,S"
"USW00024233","SEATTLE TACOMA INTERNATIONAL AIRPORT, WA US","47.4444","-122.3138","112.8","2017-11-07","0.00",",,W,2400","42","H,,S"
"USW00024233","SEATTLE TACOMA INTERNATIONAL AIRPORT, WA US","47.4444","-122.3138","112.8","2017-11-08","0.15",",,W,2400","49","H,,S"
"USW00024233","SEATTLE TACOMA INTERNATIONAL AIRPORT, WA US","47.4444","-122.3138","112.8","2017-11-09","0.42",",,W,2400","48","H,,S"
"USW00024233","SEATTLE TACOMA INTERNATIONAL AIRPORT, WA US","47.4444","-122.3138","112.8","2017-11-10","0.01",",,W,2400","47","H,,S"
"USW00024233","SEATTLE TACOMA INTERNATIONAL AIRPORT, WA US","47.4444","-122.3138","112.8","2017-11-11","0.05",",,W,2400","46","H,,S"
"USW00024233","SEATTLE TACOMA INTERNATIONAL AIRPORT, WA US","47.4444","-122.3138","112.8","2017-11-12","0.52",",,W,2400","50","H,,S"
"USW00024233","SEATTLE TACOMA INTERNATIONAL AIRPORT, WA US","47.4444","-122.3138","112.8","2017-11-13","0.81",",,W,2400","50","H,,S"
"USW00024233","SEATTLE TACOMA INTERNATIONAL AIRPORT, WA US","47.4444","-122.3138","112.8","2017-11-14","0.05",",,W,2400","47","H,,S"
"USW00024233","SEATTLE TACOMA INTERNATIONAL AIRPORT, WA US","47.4444","-122.3138","112.8","2017-11-15","0.46",",,W,2400","49","H,,S"
"USW00024233","SEATTLE TACOMA INTERNATIONAL AIRPORT, WA US","47.4444","-122.3138","112.8","2017-11-16","0.16",",,W,2400","44","H,,S"
"USW00024233","SEATTLE TACOMA INTERNATIONAL AIRPORT, WA US","47.4444","-122.3138","112.8","2017-11-17","0.00",",,W,2400","44","H,,S"
"USW00024233","SEATTLE TACOMA INTERNATIONAL AIRPORT, WA US","47.4444","-122.3138","112.8","2017-11-18","0.00",",,W,2400","47","H,,S"
"USW00024233","SEATTLE TACOMA INTERNATIONAL AIRPORT, WA US","47.4444","-122.3138","112.8","2017-11-19","0.58",",,W,2400","45","H,,S"
"USW00024233","SEATTLE TACOMA INTERNATIONAL AIRPORT, WA US","47.4444","-122.3138","112.8","2017-11-20","0.63",",,W,2400","46","H,,S"
"USW00024233","SEATTLE TACOMA INTERNATIONAL AIRPORT, WA US","47.4444","-122.3138","112.8","2017-11-21","1.14",",,W,2400","44","H,,S"
"USW00024233","SEATTLE TACOMA INTERNATIONAL AIRPORT, WA US","47.4444","-122.3138","112.8","2017-11-22","0.52",",,W,2400","58","H,,S"
"USW00024233","SEATTLE TACOMA INTERNATIONAL AIRPORT, WA US","47.4444","-122.3138","112.8","2017-11-23","0.20",",,W,2400","57","H,,S"
"USW00024233","SEATTLE TACOMA INTERNATIONAL AIRPORT, WA US","47.4444","-122.3138","112.8","2017-11-24","0.01",",,W,2400","49","H,,S"
"USW00024233","SEATTLE TACOMA INTERNATIONAL AIRPORT, WA US","47.4444","-122.3138","112.8","2017-11-25","0.19",",,W,2400","48","H,,S"
"USW00024233","SEATTLE TACOMA INTERNATIONAL AIRPORT, WA US","47.4444","-122.3138","112.8","2017-11-26","0.25",",,W,2400","50","H,,S"
"USW00024233","SEATTLE TACOMA INTERNATIONAL AIRPORT, WA US","47.4444","-122.3138","112.8","2017-11-27","0.00","T,,W,2400","45","H,,S"
"USW00024233","SEATTLE TACOMA INTERNATIONAL AIRPORT, WA US","47.4444","-122.3138","112.8","2017-11-28","0.68",",,W,2400","45","H,,S"
"USW00024233","SEATTLE TACOMA INTERNATIONAL AIRPORT, WA US","47.4444","-122.3138","112.8","2017-11-29","0.00",",,W,2400","44","H,,S"
"USW00024233","SEATTLE TACOMA INTERNATIONAL AIRPORT, WA US","47.4444","-122.3138","112.8","2017-11-30","0.27",",,W,2400","45","H,,S"
"USW00024233","SEATTLE TACOMA INTERNATIONAL AIRPORT, WA US","47.4444","-122.3138","112.8","2017-12-01","0.27",",,W,2400","44","H,,S"
"USW00024233","SEATTLE TACOMA INTERNATIONAL AIRPORT, WA US","47.4444","-122.3138","112.8","2017-12-02","0.79",",,W,2400","43","H,,S"
"USW00024233","SEATTLE TACOMA INTERNATIONAL AIRPORT, WA US","47.4444","-122.3138","112.8","2017-12-03","0.05",",,W,2400","42","H,,S"
"USW00024233","SEATTLE TACOMA INTERNATIONAL AIRPORT, WA US","47.4444","-122.3138","112.8","2017-12-04","0.00",",,W,2400","39","H,,S"
"USW00024233","SEATTLE TACOMA INTERNATIONAL AIRPORT, WA US","47.4444","-122.3138","112.8","2017-12-05","0.00",",,W,2400","38","H,,S"
"USW00024233","SEATTLE TACOMA INTERNATIONAL AIRPORT, WA US","47.4444","-122.3138","112.8","2017-12-06","0.00",",,W,2400","41","H,,S"
"USW00024233","SEATTLE TACOMA INTERNATIONAL AIRPORT, WA US","47.4444","-122.3138","112.8","2017-12-07","0.00",",,W,2400","42","H,,S"
"USW00024233","SEATTLE TACOMA INTERNATIONAL AIRPORT, WA US","47.4444","-122.3138","112.8","2017-12-08","0.00",",,W,2400","36","H,,S"
"USW00024233","SEATTLE TACOMA INTERNATIONAL AIRPORT, WA US","47.4444","-122.3138","112.8","2017-12-09","0.00",",,W,2400","35","H,,S"
"USW00024233","SEATTLE TACOMA INTERNATIONAL AIRPORT, WA US","47.4444","-122.3138","112.8","2017-12-10","0.00",",,W,2400","40","H,,S"
"USW00024233","SEATTLE TACOMA INTERNATIONAL AIRPORT, WA US","47.4444","-122.3138","112.8","2017-12-11","0.00",",,W,2400","38","H,,S"
"USW00024233","SEATTLE TACOMA INTERNATIONAL AIRPORT, WA US","47.4444","-122.3138","112.8","2017-12-12","0.00",",,W,2400","40","H,,S"
"USW00024233","SEATTLE TACOMA INTERNATIONAL AIRPORT, WA US","47.4444","-122.3138","112.8","2017-12-13","0.00",",,W,2400","41","H,,S"
"USW00024233","SEATTLE TACOMA INTERNATIONAL AIRPORT, WA US","47.4444","-122.3138","112.8","2017-12-14","0.00",",,W,2400","43","H,,S"
"USW00024233","SEATTLE TACOMA INTERNATIONAL AIRPORT, WA US","47.4444","-122.3138","112.8","2017-12-15","0.06",",,W,2400","41","H,,S"
"USW00024233","SEATTLE TACOMA INTERNATIONAL AIRPORT, WA US","47.4444","-122.3138","112.8","2017-12-16","0.14",",,W,2400","41","H,,S"
"USW00024233","SEATTLE TACOMA INTERNATIONAL AIRPORT, WA US","47.4444","-122.3138","112.8","2017-12-17","0.03",",,W,2400","44","H,,S"
"USW00024233","SEATTLE TACOMA INTERNATIONAL AIRPORT, WA US","47.4444","-122.3138","112.8","2017-12-18","0.70",",,W,2400","48","H,,S"
"USW00024233","SEATTLE TACOMA INTERNATIONAL AIRPORT, WA US","47.4444","-122.3138","112.8","2017-12-19","1.00",",,W,2400","44","H,,S"
"USW00024233","SEATTLE TACOMA INTERNATIONAL AIRPORT, WA US","47.4444","-122.3138","112.8","2017-12-20","0.13",",,W,2400","41","H,,S"
"USW00024233","SEATTLE TACOMA INTERNATIONAL AIRPORT, WA US","47.4444","-122.3138","112.8","2017-12-21","0.01",",,W,2400","34","H,,S"
"USW00024233","SEATTLE TACOMA INTERNATIONAL AIRPORT, WA US","47.4444","-122.3138","112.8","2017-12-22","0.09",",,W,2400","38","H,,S"
"USW00024233","SEATTLE TACOMA INTERNATIONAL AIRPORT, WA US","47.4444","-122.3138","112.8","2017-12-23","0.00",",,W,2400","35","H,,S"
"USW00024233","SEATTLE TACOMA INTERNATIONAL AIRPORT, WA US","47.4444","-122.3138","112.8","2017-12-24","0.12",",,W,2400","34","H,,S"
"USW00024233","SEATTLE TACOMA INTERNATIONAL AIRPORT, WA US","47.4444","-122.3138","112.8","2017-12-25","0.09",",,W,2400","32","H,,S"
"USW00024233","SEATTLE TACOMA INTERNATIONAL AIRPORT, WA US","47.4444","-122.3138","112.8","2017-12-26","0.00",",,W,2400","34","H,,S"
"USW00024233","SEATTLE TACOMA INTERNATIONAL AIRPORT, WA US","47.4444","-122.3138","112.8","2017-12-27","0.00",",,W,2400","35","H,,S"
"USW00024233","SEATTLE TACOMA INTERNATIONAL AIRPORT, WA US","47.4444","-122.3138","112.8","2017-12-28","0.34",",,W,2400","42","H,,S"
"USW00024233","SEATTLE TACOMA INTERNATIONAL AIRPORT, WA US","47.4444","-122.3138","112.8","2017-12-29","1.50",",,W,2400","46","H,,S"
"USW00024233","SEATTLE TACOMA INTERNATIONAL AIRPORT, WA US","47.4444","-122.3138","112.8","2017-12-30","0.11",",,W,2400","47","H,,S"
"USW00024233","SEATTLE TACOMA INTERNATIONAL AIRPORT, WA US","47.4444","-122.3138","112.8","2017-12-31","0.00",",,W,2400","39","H,,S"
