STATION,NAME,DATE,PRCP,TAVG
USW00024233,"SEATTLE TACOMA INTERNATIONAL AIRPORT, WA US",1/1/17,0.43,35
USW00024233,"SEATTLE TACOMA INTERNATIONAL AIRPORT, WA US",1/2/17,0,32
USW00024233,"SEATTLE TACOMA INTERNATIONAL AIRPORT, WA US",1/3/17,0,27
USW00024233,"SEATTLE TACOMA INTERNATIONAL AIRPORT, WA US",1/4/17,0,27
USW00024233,"SEATTLE TACOMA INTERNATIONAL AIRPORT, WA US",1/5/17,0,28
USW00024233,"SEATTLE TACOMA INTERNATIONAL AIRPORT, WA US",1/6/17,0,29
USW00024233,"SEATTLE TACOMA INTERNATIONAL AIRPORT, WA US",1/7/17,0,33
USW00024233,"SEATTLE TACOMA INTERNATIONAL AIRPORT, WA US",1/8/17,0.45,37
USW00024233,"SEATTLE TACOMA INTERNATIONAL AIRPORT, WA US",1/9/17,0.05,39
USW00024233,"SEATTLE TACOMA INTERNATIONAL AIRPORT, WA US",1/10/17,0.07,37
USW00024233,"SEATTLE TACOMA INTERNATIONAL AIRPORT, WA US",1/11/17,0,32
USW00024233,"SEATTLE TACOMA INTERNATIONAL AIRPORT, WA US",1/12/17,0,31
USW00024233,"SEATTLE TACOMA INTERNATIONAL AIRPORT, WA US",1/13/17,0,31
USW00024233,"SEATTLE TACOMA INTERNATIONAL AIRPORT, WA US",1/14/17,0,34
USW00024233,"SEATTLE TACOMA INTERNATIONAL AIRPORT, WA US",1/15/17,0,34
USW00024233,"SEATTLE TACOMA INTERNATIONAL AIRPORT, WA US",1/16/17,0,36
USW00024233,"SEATTLE TACOMA INTERNATIONAL AIRPORT, WA US",1/17/17,1.74,43
USW00024233,"SEATTLE TACOMA INTERNATIONAL AIRPORT, WA US",1/18/17,1.21,46
USW00024233,"SEATTLE TACOMA INTERNATIONAL AIRPORT, WA US",1/19/17,0.09,46
USW00024233,"SEATTLE TACOMA INTERNATIONAL AIRPORT, WA US",1/20/17,0,46
USW00024233,"SEATTLE TACOMA INTERNATIONAL AIRPORT, WA US",1/21/17,0.05,45
USW00024233,"SEATTLE TACOMA INTERNATIONAL AIRPORT, WA US",1/22/17,0.08,45
USW00024233,"SEATTLE TACOMA INTERNATIONAL AIRPORT, WA US",1/23/17,0,41
USW00024233,"SEATTLE TACOMA INTERNATIONAL AIRPORT, WA US",1/24/17,0,37
USW00024233,"SEATTLE TACOMA INTERNATIONAL AIRPORT, WA US",1/25/17,0,38
USW00024233,"SEATTLE TACOMA INTERNATIONAL AIRPORT, WA US",1/26/17,0,43
USW00024233,"SEATTLE TACOMA INTERNATIONAL AIRPORT, WA US",1/27/17,0,44
USW00024233,"SEATTLE TACOMA INTERNATIONAL AIRPORT, WA US",1/28/17,0,45
USW00024233,"SEATTLE TACOMA INTERNATIONAL AIRPORT, WA US",1/29/17,0.03,43
USW00024233,"SEATTLE TACOMA INTERNATIONAL AIRPORT, WA US",1/30/17,0.02,44
USW00024233,"SEATTLE TACOMA INTERNATIONAL AIRPORT, WA US",1/31/17,0,41
USW00024233,"SEATTLE TACOMA INTERNATIONAL AIRPORT, WA US",2/1/17,0,36
USW00024233,"SEATTLE TACOMA INTERNATIONAL AIRPORT, WA US",2/2/17,0.01,38
USW00024233,"SEATTLE TACOMA INTERNATIONAL AIRPORT, WA US",2/3/17,0.7,37
USW00024233,"SEATTLE TACOMA INTERNATIONAL AIRPORT, WA US",2/4/17,0.94,41
USW00024233,"SEATTLE TACOMA INTERNATIONAL AIRPORT, WA US",2/5/17,0.82,39
USW00024233,"SEATTLE TACOMA INTERNATIONAL AIRPORT, WA US",2/6/17,0.65,33
USW00024233,"SEATTLE TACOMA INTERNATIONAL AIRPORT, WA US",2/7/17,0.01,35
USW00024233,"SEATTLE TACOMA INTERNATIONAL AIRPORT, WA US",2/8/17,0.7,36
USW00024233,"SEATTLE TACOMA INTERNATIONAL AIRPORT, WA US",2/9/17,1.63,44
USW00024233,"SEATTLE TACOMA INTERNATIONAL AIRPORT, WA US",2/10/17,0.02,47
USW00024233,"SEATTLE TACOMA INTERNATIONAL AIRPORT, WA US",2/11/17,0,41
USW00024233,"SEATTLE TACOMA INTERNATIONAL AIRPORT, WA US",2/12/17,0,41
USW00024233,"SEATTLE TACOMA INTERNATIONAL AIRPORT, WA US",2/13/17,0,42
USW00024233,"SEATTLE TACOMA INTERNATIONAL AIRPORT, WA US",2/14/17,0.23,45
USW00024233,"SEATTLE TACOMA INTERNATIONAL AIRPORT, WA US",2/15/17,1.63,49
USW00024233,"SEATTLE TACOMA INTERNATIONAL AIRPORT, WA US",2/16/17,0.5,51
USW00024233,"SEATTLE TACOMA INTERNATIONAL AIRPORT, WA US",2/17/17,0.01,48
USW00024233,"SEATTLE TACOMA INTERNATIONAL AIRPORT, WA US",2/18/17,0.15,44
USW00024233,"SEATTLE TACOMA INTERNATIONAL AIRPORT, WA US",2/19/17,0.06,44
USW00024233,"SEATTLE TACOMA INTERNATIONAL AIRPORT, WA US",2/20/17,0.2,43
USW00024233,"SEATTLE TACOMA INTERNATIONAL AIRPORT, WA US",2/21/17,0.07,43
USW00024233,"SEATTLE TACOMA INTERNATIONAL AIRPORT, WA US",2/22/17,0,41
USW00024233,"SEATTLE TACOMA INTERNATIONAL AIRPORT, WA US",2/23/17,0.01,38
USW00024233,"SEATTLE TACOMA INTERNATIONAL AIRPORT, WA US",2/24/17,0,37
USW00024233,"SEATTLE TACOMA INTERNATIONAL AIRPORT, WA US",2/25/17,0.01,39
USW00024233,"SEATTLE TACOMA INTERNATIONAL AIRPORT, WA US",2/26/17,0.33,39
USW00024233,"SEATTLE TACOMA INTERNATIONAL AIRPORT, WA US",2/27/17,0.16,38
USW00024233,"SEATTLE TACOMA INTERNATIONAL AIRPORT, WA US",2/28/17,0.01,37
USW00024233,"SEATTLE TACOMA INTERNATIONAL AIRPORT, WA US",3/1/17,0.02,44
USW00024233,"SEATTLE TACOMA INTERNATIONAL AIRPORT, WA US",3/2/17,0.09,44
USW00024233,"SEATTLE TACOMA INTERNATIONAL AIRPORT, WA US",3/3/17,0.36,47
USW00024233,"SEATTLE TACOMA INTERNATIONAL AIRPORT, WA US",3/4/17,0.04,41
USW00024233,"SEATTLE TACOMA INTERNATIONAL AIRPORT, WA US",3/5/17,0,40
USW00024233,"SEATTLE TACOMA INTERNATIONAL AIRPORT, WA US",3/6/17,0,38
USW00024233,"SEATTLE TACOMA INTERNATIONAL AIRPORT, WA US",3/7/17,0.75,37
USW00024233,"SEATTLE TACOMA INTERNATIONAL AIRPORT, WA US",3/8/17,0.13,41
USW00024233,"SEATTLE TACOMA INTERNATIONAL AIRPORT, WA US",3/9/17,0.7,39
USW00024233,"SEATTLE TACOMA INTERNATIONAL AIRPORT, WA US",3/10/17,0.03,48
USW00024233,"SEATTLE TACOMA INTERNATIONAL AIRPORT, WA US",3/11/17,0.37,45
USW00024233,"SEATTLE TACOMA INTERNATIONAL AIRPORT, WA US",3/12/17,0.02,48
USW00024233,"SEATTLE TACOMA INTERNATIONAL AIRPORT, WA US",3/13/17,0.65,50
USW00024233,"SEATTLE TACOMA INTERNATIONAL AIRPORT, WA US",3/14/17,0.39,52
USW00024233,"SEATTLE TACOMA INTERNATIONAL AIRPORT, WA US",3/15/17,0.81,50
USW00024233,"SEATTLE TACOMA INTERNATIONAL AIRPORT, WA US",3/16/17,0,45
USW00024233,"SEATTLE TACOMA INTERNATIONAL AIRPORT, WA US",3/17/17,0.68,43
USW00024233,"SEATTLE TACOMA INTERNATIONAL AIRPORT, WA US",3/18/17,0.34,48
USW00024233,"SEATTLE TACOMA INTERNATIONAL AIRPORT, WA US",3/19/17,0,42
USW00024233,"SEATTLE TACOMA INTERNATIONAL AIRPORT, WA US",3/20/17,0.01,45
USW00024233,"SEATTLE TACOMA INTERNATIONAL AIRPORT, WA US",3/21/17,0.2,49
USW00024233,"SEATTLE TACOMA INTERNATIONAL AIRPORT, WA US",3/22/17,0.02,51
USW00024233,"SEATTLE TACOMA INTERNATIONAL AIRPORT, WA US",3/23/17,0.26,46
USW00024233,"SEATTLE TACOMA INTERNATIONAL AIRPORT, WA US",3/24/17,0.24,49
USW00024233,"SEATTLE TACOMA INTERNATIONAL AIRPORT, WA US",3/25/17,0.01,47
USW00024233,"SEATTLE TACOMA INTERNATIONAL AIRPORT, WA US",3/26/17,0.38,46
USW00024233,"SEATTLE TACOMA INTERNATIONAL AIRPORT, WA US",3/27/17,0.17,47
USW00024233,"SEATTLE TACOMA INTERNATIONAL AIRPORT, WA US",3/28/17,0.14,47
USW00024233,"SEATTLE TACOMA INTERNATIONAL AIRPORT, WA US",3/29/17,0.51,49
USW00024233,"SEATTLE TACOMA INTERNATIONAL AIRPORT, WA US",3/30/17,0,47
USW00024233,"SEATTLE TACOMA INTERNATIONAL AIRPORT, WA US",3/31/17,0,47
USW00024233,"SEATTLE TACOMA INTERNATIONAL AIRPORT, WA US",4/1/17,0.04,50
USW00024233,"SEATTLE TACOMA INTERNATIONAL AIRPORT, WA US",4/2/17,0.04,48
USW00024233,"SEATTLE TACOMA INTERNATIONAL AIRPORT, WA US",4/3/17,0,46
USW00024233,"SEATTLE TACOMA INTERNATIONAL AIRPORT, WA US",4/4/17,0.12,49
USW00024233,"SEATTLE TACOMA INTERNATIONAL AIRPORT, WA US",4/5/17,0.46,51
USW00024233,"SEATTLE TACOMA INTERNATIONAL AIRPORT, WA US",4/6/17,0.26,51
USW00024233,"SEATTLE TACOMA INTERNATIONAL AIRPORT, WA US",4/7/17,0.1,53
USW00024233,"SEATTLE TACOMA INTERNATIONAL AIRPORT, WA US",4/8/17,0.01,47
USW00024233,"SEATTLE TACOMA INTERNATIONAL AIRPORT, WA US",4/9/17,0,46
USW00024233,"SEATTLE TACOMA INTERNATIONAL AIRPORT, WA US",4/10/17,0.38,49
USW00024233,"SEATTLE TACOMA INTERNATIONAL AIRPORT, WA US",4/11/17,0.02,46
USW00024233,"SEATTLE TACOMA INTERNATIONAL AIRPORT, WA US",4/12/17,0.85,51
USW00024233,"SEATTLE TACOMA INTERNATIONAL AIRPORT, WA US",4/13/17,0.08,49
USW00024233,"SEATTLE TACOMA INTERNATIONAL AIRPORT, WA US",4/14/17,0.01,46
USW00024233,"SEATTLE TACOMA INTERNATIONAL AIRPORT, WA US",4/15/17,0,47
USW00024233,"SEATTLE TACOMA INTERNATIONAL AIRPORT, WA US",4/16/17,0,52
USW00024233,"SEATTLE TACOMA INTERNATIONAL AIRPORT, WA US",4/17/17,0.07,57
USW00024233,"SEATTLE TACOMA INTERNATIONAL AIRPORT, WA US",4/18/17,0.48,52
USW00024233,"SEATTLE TACOMA INTERNATIONAL AIRPORT, WA US",4/19/17,0.35,51
USW00024233,"SEATTLE TACOMA INTERNATIONAL AIRPORT, WA US",4/20/17,0.01,50
USW00024233,"SEATTLE TACOMA INTERNATIONAL AIRPORT, WA US",4/21/17,0,52
USW00024233,"SEATTLE TACOMA INTERNATIONAL AIRPORT, WA US",4/22/17,0.07,60
USW00024233,"SEATTLE TACOMA INTERNATIONAL AIRPORT, WA US",4/23/17,0.49,51
USW00024233,"SEATTLE TACOMA INTERNATIONAL AIRPORT, WA US",4/24/17,0.06,48
USW00024233,"SEATTLE TACOMA INTERNATIONAL AIRPORT, WA US",4/25/17,0.05,51
USW00024233,"SEATTLE TACOMA INTERNATIONAL AIRPORT, WA US",4/26/17,0,51
USW00024233,"SEATTLE TACOMA INTERNATIONAL AIRPORT, WA US",4/27/17,0.04,48
USW00024233,"SEATTLE TACOMA INTERNATIONAL AIRPORT, WA US",4/28/17,0,49
USW00024233,"SEATTLE TACOMA INTERNATIONAL AIRPORT, WA US",4/29/17,0.14,51
USW00024233,"SEATTLE TACOMA INTERNATIONAL AIRPORT, WA US",4/30/17,0.08,50
USW00024233,"SEATTLE TACOMA INTERNATIONAL AIRPORT, WA US",5/1/17,0.03,48
USW00024233,"SEATTLE TACOMA INTERNATIONAL AIRPORT, WA US",5/2/17,0.13,51
USW00024233,"SEATTLE TACOMA INTERNATIONAL AIRPORT, WA US",5/3/17,0.11,59
USW00024233,"SEATTLE TACOMA INTERNATIONAL AIRPORT, WA US",5/4/17,0.44,62
USW00024233,"SEATTLE TACOMA INTERNATIONAL AIRPORT, WA US",5/5/17,0.25,58
USW00024233,"SEATTLE TACOMA INTERNATIONAL AIRPORT, WA US",5/6/17,0.02,50
USW00024233,"SEATTLE TACOMA INTERNATIONAL AIRPORT, WA US",5/7/17,0,51
USW00024233,"SEATTLE TACOMA INTERNATIONAL AIRPORT, WA US",5/8/17,0,54
USW00024233,"SEATTLE TACOMA INTERNATIONAL AIRPORT, WA US",5/9/17,0,56
USW00024233,"SEATTLE TACOMA INTERNATIONAL AIRPORT, WA US",5/10/17,0,58
USW00024233,"SEATTLE TACOMA INTERNATIONAL AIRPORT, WA US",5/11/17,0.47,58
USW00024233,"SEATTLE TACOMA INTERNATIONAL AIRPORT, WA US",5/12/17,0.16,48
USW00024233,"SEATTLE TACOMA INTERNATIONAL AIRPORT, WA US",5/13/17,0.03,49
USW00024233,"SEATTLE TACOMA INTERNATIONAL AIRPORT, WA US",5/14/17,0.04,51
USW00024233,"SEATTLE TACOMA INTERNATIONAL AIRPORT, WA US",5/15/17,0.33,50
USW00024233,"SEATTLE TACOMA INTERNATIONAL AIRPORT, WA US",5/16/17,0.15,47
USW00024233,"SEATTLE TACOMA INTERNATIONAL AIRPORT, WA US",5/17/17,0,50
USW00024233,"SEATTLE TACOMA INTERNATIONAL AIRPORT, WA US",5/18/17,0,54
USW00024233,"SEATTLE TACOMA INTERNATIONAL AIRPORT, WA US",5/19/17,0,59
USW00024233,"SEATTLE TACOMA INTERNATIONAL AIRPORT, WA US",5/20/17,0,62
USW00024233,"SEATTLE TACOMA INTERNATIONAL AIRPORT, WA US",5/21/17,0,64
USW00024233,"SEATTLE TACOMA INTERNATIONAL AIRPORT, WA US",5/22/17,0,68
USW00024233,"SEATTLE TACOMA INTERNATIONAL AIRPORT, WA US",5/23/17,0,70
USW00024233,"SEATTLE TACOMA INTERNATIONAL AIRPORT, WA US",5/24/17,0,56
USW00024233,"SEATTLE TACOMA INTERNATIONAL AIRPORT, WA US",5/25/17,0,57
USW00024233,"SEATTLE TACOMA INTERNATIONAL AIRPORT, WA US",5/26/17,0,64
USW00024233,"SEATTLE TACOMA INTERNATIONAL AIRPORT, WA US",5/27/17,0,70
USW00024233,"SEATTLE TACOMA INTERNATIONAL AIRPORT, WA US",5/28/17,0,71
USW00024233,"SEATTLE TACOMA INTERNATIONAL AIRPORT, WA US",5/29/17,0,63
USW00024233,"SEATTLE TACOMA INTERNATIONAL AIRPORT, WA US",5/30/17,0.01,58
USW00024233,"SEATTLE TACOMA INTERNATIONAL AIRPORT, WA US",5/31/17,0.11,58
USW00024233,"SEATTLE TACOMA INTERNATIONAL AIRPORT, WA US",6/1/17,0.02,61
USW00024233,"SEATTLE TACOMA INTERNATIONAL AIRPORT, WA US",6/2/17,0,60
USW00024233,"SEATTLE TACOMA INTERNATIONAL AIRPORT, WA US",6/3/17,0,61
USW00024233,"SEATTLE TACOMA INTERNATIONAL AIRPORT, WA US",6/4/17,0,58
USW00024233,"SEATTLE TACOMA INTERNATIONAL AIRPORT, WA US",6/5/17,0,60
USW00024233,"SEATTLE TACOMA INTERNATIONAL AIRPORT, WA US",6/6/17,0,65
USW00024233,"SEATTLE TACOMA INTERNATIONAL AIRPORT, WA US",6/7/17,0.03,68
USW00024233,"SEATTLE TACOMA INTERNATIONAL AIRPORT, WA US",6/8/17,0.31,61
USW00024233,"SEATTLE TACOMA INTERNATIONAL AIRPORT, WA US",6/9/17,0.05,56
USW00024233,"SEATTLE TACOMA INTERNATIONAL AIRPORT, WA US",6/10/17,0,55
USW00024233,"SEATTLE TACOMA INTERNATIONAL AIRPORT, WA US",6/11/17,0,58
USW00024233,"SEATTLE TACOMA INTERNATIONAL AIRPORT, WA US",6/12/17,0,59
USW00024233,"SEATTLE TACOMA INTERNATIONAL AIRPORT, WA US",6/13/17,0,57
USW00024233,"SEATTLE TACOMA INTERNATIONAL AIRPORT, WA US",6/14/17,0,57
USW00024233,"SEATTLE TACOMA INTERNATIONAL AIRPORT, WA US",6/15/17,1.05,58
USW00024233,"SEATTLE TACOMA INTERNATIONAL AIRPORT, WA US",6/16/17,0,59
USW00024233,"SEATTLE TACOMA INTERNATIONAL AIRPORT, WA US",6/17/17,0.06,58
USW00024233,"SEATTLE TACOMA INTERNATIONAL AIRPORT, WA US",6/18/17,0,59
USW00024233,"SEATTLE TACOMA INTERNATIONAL AIRPORT, WA US",6/19/17,0,63
USW00024233,"SEATTLE TACOMA INTERNATIONAL AIRPORT, WA US",6/20/17,0,65
USW00024233,"SEATTLE TACOMA INTERNATIONAL AIRPORT, WA US",6/21/17,0,60
USW00024233,"SEATTLE TACOMA INTERNATIONAL AIRPORT, WA US",6/22/17,0,62
USW00024233,"SEATTLE TACOMA INTERNATIONAL AIRPORT, WA US",6/23/17,0,67
USW00024233,"SEATTLE TACOMA INTERNATIONAL AIRPORT, WA US",6/24/17,0,73
USW00024233,"SEATTLE TACOMA INTERNATIONAL AIRPORT, WA US",6/25/17,0,79
USW00024233,"SEATTLE TACOMA INTERNATIONAL AIRPORT, WA US",6/26/17,0,70
USW00024233,"SEATTLE TACOMA INTERNATIONAL AIRPORT, WA US",6/27/17,0,60
USW00024233,"SEATTLE TACOMA INTERNATIONAL AIRPORT, WA US",6/28/17,0,61
USW00024233,"SEATTLE TACOMA INTERNATIONAL AIRPORT, WA US",6/29/17,0,62
USW00024233,"SEATTLE TACOMA INTERNATIONAL AIRPORT, WA US",6/30/17,0,69
USW00024233,"SEATTLE TACOMA INTERNATIONAL AIRPORT, WA US",7/1/17,0,64
USW00024233,"SEATTLE TACOMA INTERNATIONAL AIRPORT, WA US",7/2/17,0,62
USW00024233,"SEATTLE TACOMA INTERNATIONAL AIRPORT, WA US",7/3/17,0,64
USW00024233,"SEATTLE TACOMA INTERNATIONAL AIRPORT, WA US",7/4/17,0,64
USW00024233,"SEATTLE TACOMA INTERNATIONAL AIRPORT, WA US",7/5/17,0,69
USW00024233,"SEATTLE TACOMA INTERNATIONAL AIRPORT, WA US",7/6/17,0,70
USW00024233,"SEATTLE TACOMA INTERNATIONAL AIRPORT, WA US",7/7/17,0,67
USW00024233,"SEATTLE TACOMA INTERNATIONAL AIRPORT, WA US",7/8/17,0,67
USW00024233,"SEATTLE TACOMA INTERNATIONAL AIRPORT, WA US",7/9/17,0,69
USW00024233,"SEATTLE TACOMA INTERNATIONAL AIRPORT, WA US",7/10/17,0,66
USW00024233,"SEATTLE TACOMA INTERNATIONAL AIRPORT, WA US",7/11/17,0,62
USW00024233,"SEATTLE TACOMA INTERNATIONAL AIRPORT, WA US",7/12/17,0,64
USW00024233,"SEATTLE TACOMA INTERNATIONAL AIRPORT, WA US",7/13/17,0,66
USW00024233,"SEATTLE TACOMA INTERNATIONAL AIRPORT, WA US",7/14/17,0,65
USW00024233,"SEATTLE TACOMA INTERNATIONAL AIRPORT, WA US",7/15/17,0,66
USW00024233,"SEATTLE TACOMA INTERNATIONAL AIRPORT, WA US",7/16/17,0,63
USW00024233,"SEATTLE TACOMA INTERNATIONAL AIRPORT, WA US",7/17/17,0,65
USW00024233,"SEATTLE TACOMA INTERNATIONAL AIRPORT, WA US",7/18/17,0,68
USW00024233,"SEATTLE TACOMA INTERNATIONAL AIRPORT, WA US",7/19/17,0,66
USW00024233,"SEATTLE TACOMA INTERNATIONAL AIRPORT, WA US",7/20/17,0,66
USW00024233,"SEATTLE TACOMA INTERNATIONAL AIRPORT, WA US",7/21/17,0,65
USW00024233,"SEATTLE TACOMA INTERNATIONAL AIRPORT, WA US",7/22/17,0,70
USW00024233,"SEATTLE TACOMA INTERNATIONAL AIRPORT, WA US",7/23/17,0,70
USW00024233,"SEATTLE TACOMA INTERNATIONAL AIRPORT, WA US",7/24/17,0,68
USW00024233,"SEATTLE TACOMA INTERNATIONAL AIRPORT, WA US",7/25/17,0,72
USW00024233,"SEATTLE TACOMA INTERNATIONAL AIRPORT, WA US",7/26/17,0,70
USW00024233,"SEATTLE TACOMA INTERNATIONAL AIRPORT, WA US",7/27/17,0,65
USW00024233,"SEATTLE TACOMA INTERNATIONAL AIRPORT, WA US",7/28/17,0,65
USW00024233,"SEATTLE TACOMA INTERNATIONAL AIRPORT, WA US",7/29/17,0,67
USW00024233,"SEATTLE TACOMA INTERNATIONAL AIRPORT, WA US",7/30/17,0,68
USW00024233,"SEATTLE TACOMA INTERNATIONAL AIRPORT, WA US",7/31/17,0,70
USW00024233,"SEATTLE TACOMA INTERNATIONAL AIRPORT, WA US",8/1/17,0,74
USW00024233,"SEATTLE TACOMA INTERNATIONAL AIRPORT, WA US",8/2/17,0,78
USW00024233,"SEATTLE TACOMA INTERNATIONAL AIRPORT, WA US",8/3/17,0,80
USW00024233,"SEATTLE TACOMA INTERNATIONAL AIRPORT, WA US",8/4/17,0,79
USW00024233,"SEATTLE TACOMA INTERNATIONAL AIRPORT, WA US",8/5/17,0,70
USW00024233,"SEATTLE TACOMA INTERNATIONAL AIRPORT, WA US",8/6/17,0,69
USW00024233,"SEATTLE TACOMA INTERNATIONAL AIRPORT, WA US",8/7/17,0,69
USW00024233,"SEATTLE TACOMA INTERNATIONAL AIRPORT, WA US",8/8/17,0,72
USW00024233,"SEATTLE TACOMA INTERNATIONAL AIRPORT, WA US",8/9/17,0,74
USW00024233,"SEATTLE TACOMA INTERNATIONAL AIRPORT, WA US",8/10/17,0,72
USW00024233,"SEATTLE TACOMA INTERNATIONAL AIRPORT, WA US",8/11/17,0,69
USW00024233,"SEATTLE TACOMA INTERNATIONAL AIRPORT, WA US",8/12/17,0.02,65
USW00024233,"SEATTLE TACOMA INTERNATIONAL AIRPORT, WA US",8/13/17,0,65
USW00024233,"SEATTLE TACOMA INTERNATIONAL AIRPORT, WA US",8/14/17,0,64
USW00024233,"SEATTLE TACOMA INTERNATIONAL AIRPORT, WA US",8/15/17,0,65
USW00024233,"SEATTLE TACOMA INTERNATIONAL AIRPORT, WA US",8/16/17,0,67
USW00024233,"SEATTLE TACOMA INTERNATIONAL AIRPORT, WA US",8/17/17,0,66
USW00024233,"SEATTLE TACOMA INTERNATIONAL AIRPORT, WA US",8/18/17,0,64
USW00024233,"SEATTLE TACOMA INTERNATIONAL AIRPORT, WA US",8/19/17,0,67
USW00024233,"SEATTLE TACOMA INTERNATIONAL AIRPORT, WA US",8/20/17,0,66
USW00024233,"SEATTLE TACOMA INTERNATIONAL AIRPORT, WA US",8/21/17,0,68
USW00024233,"SEATTLE TACOMA INTERNATIONAL AIRPORT, WA US",8/22/17,0,73
USW00024233,"SEATTLE TACOMA INTERNATIONAL AIRPORT, WA US",8/23/17,0,67
USW00024233,"SEATTLE TACOMA INTERNATIONAL AIRPORT, WA US",8/24/17,0,65
USW00024233,"SEATTLE TACOMA INTERNATIONAL AIRPORT, WA US",8/25/17,0,65
USW00024233,"SEATTLE TACOMA INTERNATIONAL AIRPORT, WA US",8/26/17,0,67
USW00024233,"SEATTLE TACOMA INTERNATIONAL AIRPORT, WA US",8/27/17,0,72
USW00024233,"SEATTLE TACOMA INTERNATIONAL AIRPORT, WA US",8/28/17,0,75
USW00024233,"SEATTLE TACOMA INTERNATIONAL AIRPORT, WA US",8/29/17,0,74
USW00024233,"SEATTLE TACOMA INTERNATIONAL AIRPORT, WA US",8/30/17,0,67
USW00024233,"SEATTLE TACOMA INTERNATIONAL AIRPORT, WA US",8/31/17,0,67
USW00024233,"SEATTLE TACOMA INTERNATIONAL AIRPORT, WA US",9/1/17,0,68
USW00024233,"SEATTLE TACOMA INTERNATIONAL AIRPORT, WA US",9/2/17,0,74
USW00024233,"SEATTLE TACOMA INTERNATIONAL AIRPORT, WA US",9/3/17,0,77
USW00024233,"SEATTLE TACOMA INTERNATIONAL AIRPORT, WA US",9/4/17,0,77
USW00024233,"SEATTLE TACOMA INTERNATIONAL AIRPORT, WA US",9/5/17,0,77
USW00024233,"SEATTLE TACOMA INTERNATIONAL AIRPORT, WA US",9/6/17,0,72
USW00024233,"SEATTLE TACOMA INTERNATIONAL AIRPORT, WA US",9/7/17,0,69
USW00024233,"SEATTLE TACOMA INTERNATIONAL AIRPORT, WA US",9/8/17,0,67
USW00024233,"SEATTLE TACOMA INTERNATIONAL AIRPORT, WA US",9/9/17,0,63
USW00024233,"SEATTLE TACOMA INTERNATIONAL AIRPORT, WA US",9/10/17,0,63
USW00024233,"SEATTLE TACOMA INTERNATIONAL AIRPORT, WA US",9/11/17,0,65
USW00024233,"SEATTLE TACOMA INTERNATIONAL AIRPORT, WA US",9/12/17,0,69
USW00024233,"SEATTLE TACOMA INTERNATIONAL AIRPORT, WA US",9/13/17,0,61
USW00024233,"SEATTLE TACOMA INTERNATIONAL AIRPORT, WA US",9/14/17,0,63
USW00024233,"SEATTLE TACOMA INTERNATIONAL AIRPORT, WA US",9/15/17,0,63
USW00024233,"SEATTLE TACOMA INTERNATIONAL AIRPORT, WA US",9/16/17,0,63
USW00024233,"SEATTLE TACOMA INTERNATIONAL AIRPORT, WA US",9/17/17,0.15,61
USW00024233,"SEATTLE TACOMA INTERNATIONAL AIRPORT, WA US",9/18/17,0.16,55
USW00024233,"SEATTLE TACOMA INTERNATIONAL AIRPORT, WA US",9/19/17,0.04,53
USW00024233,"SEATTLE TACOMA INTERNATIONAL AIRPORT, WA US",9/20/17,0.13,53
USW00024233,"SEATTLE TACOMA INTERNATIONAL AIRPORT, WA US",9/21/17,0.02,53
USW00024233,"SEATTLE TACOMA INTERNATIONAL AIRPORT, WA US",9/22/17,0,57
USW00024233,"SEATTLE TACOMA INTERNATIONAL AIRPORT, WA US",9/23/17,0,60
USW00024233,"SEATTLE TACOMA INTERNATIONAL AIRPORT, WA US",9/24/17,0,59
USW00024233,"SEATTLE TACOMA INTERNATIONAL AIRPORT, WA US",9/25/17,0.01,61
USW00024233,"SEATTLE TACOMA INTERNATIONAL AIRPORT, WA US",9/26/17,0,63
USW00024233,"SEATTLE TACOMA INTERNATIONAL AIRPORT, WA US",9/27/17,0,64
USW00024233,"SEATTLE TACOMA INTERNATIONAL AIRPORT, WA US",9/28/17,0,70
USW00024233,"SEATTLE TACOMA INTERNATIONAL AIRPORT, WA US",9/29/17,0.07,65
USW00024233,"SEATTLE TACOMA INTERNATIONAL AIRPORT, WA US",9/30/17,0.01,57
USW00024233,"SEATTLE TACOMA INTERNATIONAL AIRPORT, WA US",10/1/17,0,55
USW00024233,"SEATTLE TACOMA INTERNATIONAL AIRPORT, WA US",10/2/17,0,53
USW00024233,"SEATTLE TACOMA INTERNATIONAL AIRPORT, WA US",10/3/17,0,56
USW00024233,"SEATTLE TACOMA INTERNATIONAL AIRPORT, WA US",10/4/17,0,57
USW00024233,"SEATTLE TACOMA INTERNATIONAL AIRPORT, WA US",10/5/17,0,56
USW00024233,"SEATTLE TACOMA INTERNATIONAL AIRPORT, WA US",10/6/17,0.01,56
USW00024233,"SEATTLE TACOMA INTERNATIONAL AIRPORT, WA US",10/7/17,0.01,55
USW00024233,"SEATTLE TACOMA INTERNATIONAL AIRPORT, WA US",10/8/17,0.01,53
USW00024233,"SEATTLE TACOMA INTERNATIONAL AIRPORT, WA US",10/9/17,0,52
USW00024233,"SEATTLE TACOMA INTERNATIONAL AIRPORT, WA US",10/10/17,0,52
USW00024233,"SEATTLE TACOMA INTERNATIONAL AIRPORT, WA US",10/11/17,0.17,49
USW00024233,"SEATTLE TACOMA INTERNATIONAL AIRPORT, WA US",10/12/17,0.38,47
USW00024233,"SEATTLE TACOMA INTERNATIONAL AIRPORT, WA US",10/13/17,0,47
USW00024233,"SEATTLE TACOMA INTERNATIONAL AIRPORT, WA US",10/14/17,0,45
USW00024233,"SEATTLE TACOMA INTERNATIONAL AIRPORT, WA US",10/15/17,0,51
USW00024233,"SEATTLE TACOMA INTERNATIONAL AIRPORT, WA US",10/16/17,0,52
USW00024233,"SEATTLE TACOMA INTERNATIONAL AIRPORT, WA US",10/17/17,0.06,54
USW00024233,"SEATTLE TACOMA INTERNATIONAL AIRPORT, WA US",10/18/17,1.35,52
USW00024233,"SEATTLE TACOMA INTERNATIONAL AIRPORT, WA US",10/19/17,1.04,54
USW00024233,"SEATTLE TACOMA INTERNATIONAL AIRPORT, WA US",10/20/17,0.13,49
USW00024233,"SEATTLE TACOMA INTERNATIONAL AIRPORT, WA US",10/21/17,1.61,47
USW00024233,"SEATTLE TACOMA INTERNATIONAL AIRPORT, WA US",10/22/17,0.02,55
USW00024233,"SEATTLE TACOMA INTERNATIONAL AIRPORT, WA US",10/23/17,0,54
USW00024233,"SEATTLE TACOMA INTERNATIONAL AIRPORT, WA US",10/24/17,0,55
USW00024233,"SEATTLE TACOMA INTERNATIONAL AIRPORT, WA US",10/25/17,0.01,52
USW00024233,"SEATTLE TACOMA INTERNATIONAL AIRPORT, WA US",10/26/17,0,53
USW00024233,"SEATTLE TACOMA INTERNATIONAL AIRPORT, WA US",10/27/17,0,53
USW00024233,"SEATTLE TACOMA INTERNATIONAL AIRPORT, WA US",10/28/17,0,54
USW00024233,"SEATTLE TACOMA INTERNATIONAL AIRPORT, WA US",10/29/17,0,52
USW00024233,"SEATTLE TACOMA INTERNATIONAL AIRPORT, WA US",10/30/17,0,54
USW00024233,"SEATTLE TACOMA INTERNATIONAL AIRPORT, WA US",10/31/17,0,49
USW00024233,"SEATTLE TACOMA INTERNATIONAL AIRPORT, WA US",11/1/17,0.01,51
USW00024233,"SEATTLE TACOMA INTERNATIONAL AIRPORT, WA US",11/2/17,0.19,48
USW00024233,"SEATTLE TACOMA INTERNATIONAL AIRPORT, WA US",11/3/17,0.3,39
USW00024233,"SEATTLE TACOMA INTERNATIONAL AIRPORT, WA US",11/4/17,0.42,38
USW00024233,"SEATTLE TACOMA INTERNATIONAL AIRPORT, WA US",11/5/17,0.61,37
USW00024233,"SEATTLE TACOMA INTERNATIONAL AIRPORT, WA US",11/6/17,0,38
USW00024233,"SEATTLE TACOMA INTERNATIONAL AIRPORT, WA US",11/7/17,0,42
USW00024233,"SEATTLE TACOMA INTERNATIONAL AIRPORT, WA US",11/8/17,0.15,49
USW00024233,"SEATTLE TACOMA INTERNATIONAL AIRPORT, WA US",11/9/17,0.42,48
USW00024233,"SEATTLE TACOMA INTERNATIONAL AIRPORT, WA US",11/10/17,0.01,47
USW00024233,"SEATTLE TACOMA INTERNATIONAL AIRPORT, WA US",11/11/17,0.05,46
USW00024233,"SEATTLE TACOMA INTERNATIONAL AIRPORT, WA US",11/12/17,0.52,50
USW00024233,"SEATTLE TACOMA INTERNATIONAL AIRPORT, WA US",11/13/17,0.81,50
USW00024233,"SEATTLE TACOMA INTERNATIONAL AIRPORT, WA US",11/14/17,0.05,47
USW00024233,"SEATTLE TACOMA INTERNATIONAL AIRPORT, WA US",11/15/17,0.46,49
USW00024233,"SEATTLE TACOMA INTERNATIONAL AIRPORT, WA US",11/16/17,0.16,44
USW00024233,"SEATTLE TACOMA INTERNATIONAL AIRPORT, WA US",11/17/17,0,44
USW00024233,"SEATTLE TACOMA INTERNATIONAL AIRPORT, WA US",11/18/17,0,47
USW00024233,"SEATTLE TACOMA INTERNATIONAL AIRPORT, WA US",11/19/17,0.58,45
USW00024233,"SEATTLE TACOMA INTERNATIONAL AIRPORT, WA US",11/20/17,0.63,46
USW00024233,"SEATTLE TACOMA INTERNATIONAL AIRPORT, WA US",11/21/17,1.14,44
USW00024233,"SEATTLE TACOMA INTERNATIONAL AIRPORT, WA US",11/22/17,0.52,58
USW00024233,"SEATTLE TACOMA INTERNATIONAL AIRPORT, WA US",11/23/17,0.2,57
USW00024233,"SEATTLE TACOMA INTERNATIONAL AIRPORT, WA US",11/24/17,0.01,49
USW00024233,"SEATTLE TACOMA INTERNATIONAL AIRPORT, WA US",11/25/17,0.19,48
USW00024233,"SEATTLE TACOMA INTERNATIONAL AIRPORT, WA US",11/26/17,0.25,50
USW00024233,"SEATTLE TACOMA INTERNATIONAL AIRPORT, WA US",11/27/17,0,45
USW00024233,"SEATTLE TACOMA INTERNATIONAL AIRPORT, WA US",11/28/17,0.68,45
USW00024233,"SEATTLE TACOMA INTERNATIONAL AIRPORT, WA US",11/29/17,0,44
USW00024233,"SEATTLE TACOMA INTERNATIONAL AIRPORT, WA US",11/30/17,0.27,45
USW00024233,"SEATTLE TACOMA INTERNATIONAL AIRPORT, WA US",12/1/17,0.27,44
USW00024233,"SEATTLE TACOMA INTERNATIONAL AIRPORT, WA US",12/2/17,0.79,43
USW00024233,"SEATTLE TACOMA INTERNATIONAL AIRPORT, WA US",12/3/17,0.05,42
USW00024233,"SEATTLE TACOMA INTERNATIONAL AIRPORT, WA US",12/4/17,0,39
USW00024233,"SEATTLE TACOMA INTERNATIONAL AIRPORT, WA US",12/5/17,0,38
USW00024233,"SEATTLE TACOMA INTERNATIONAL AIRPORT, WA US",12/6/17,0,41
USW00024233,"SEATTLE TACOMA INTERNATIONAL AIRPORT, WA US",12/7/17,0,42
USW00024233,"SEATTLE TACOMA INTERNATIONAL AIRPORT, WA US",12/8/17,0,36
USW00024233,"SEATTLE TACOMA INTERNATIONAL AIRPORT, WA US",12/9/17,0,35
USW00024233,"SEATTLE TACOMA INTERNATIONAL AIRPORT, WA US",12/10/17,0,40
USW00024233,"SEATTLE TACOMA INTERNATIONAL AIRPORT, WA US",12/11/17,0,38
USW00024233,"SEATTLE TACOMA INTERNATIONAL AIRPORT, WA US",12/12/17,0,40
USW00024233,"SEATTLE TACOMA INTERNATIONAL AIRPORT, WA US",12/13/17,0,41
USW00024233,"SEATTLE TACOMA INTERNATIONAL AIRPORT, WA US",12/14/17,0,43
USW00024233,"SEATTLE TACOMA INTERNATIONAL AIRPORT, WA US",12/15/17,0.06,41
USW00024233,"SEATTLE TACOMA INTERNATIONAL AIRPORT, WA US",12/16/17,0.14,41
USW00024233,"SEATTLE TACOMA INTERNATIONAL AIRPORT, WA US",12/17/17,0.03,44
USW00024233,"SEATTLE TACOMA INTERNATIONAL AIRPORT, WA US",12/18/17,0.7,48
USW00024233,"SEATTLE TACOMA INTERNATIONAL AIRPORT, WA US",12/19/17,1,44
USW00024233,"SEATTLE TACOMA INTERNATIONAL AIRPORT, WA US",12/20/17,0.13,41
USW00024233,"SEATTLE TACOMA INTERNATIONAL AIRPORT, WA US",12/21/17,0.01,34
USW00024233,"SEATTLE TACOMA INTERNATIONAL AIRPORT, WA US",12/22/17,0.09,38
USW00024233,"SEATTLE TACOMA INTERNATIONAL AIRPORT, WA US",12/23/17,0,35
USW00024233,"SEATTLE TACOMA INTERNATIONAL AIRPORT, WA US",12/24/17,0.12,34
USW00024233,"SEATTLE TACOMA INTERNATIONAL AIRPORT, WA US",12/25/17,0.09,32
USW00024233,"SEATTLE TACOMA INTERNATIONAL AIRPORT, WA US",12/26/17,0,34
USW00024233,"SEATTLE TACOMA INTERNATIONAL AIRPORT, WA US",12/27/17,0,35
USW00024233,"SEATTLE TACOMA INTERNATIONAL AIRPORT, WA US",12/28/17,0.34,42
USW00024233,"SEATTLE TACOMA INTERNATIONAL AIRPORT, WA US",12/29/17,1.5,46
USW00024233,"SEATTLE TACOMA INTERNATIONAL AIRPORT, WA US",12/30/17,0.11,47
USW00024233,"SEATTLE TACOMA INTERNATIONAL AIRPORT, WA US",12/31/17,0,39
USW00024234,"SEATTLE TACOMA INTERNATIONAL AIRPORT, WA US",1/1/18,0,36
USW00024235,"SEATTLE TACOMA INTERNATIONAL AIRPORT, WA US",1/2/18,0,37
USW00024236,"SEATTLE TACOMA INTERNATIONAL AIRPORT, WA US",1/3/18,0,39
USW00024237,"SEATTLE TACOMA INTERNATIONAL AIRPORT, WA US",1/4/18,0.13,41
USW00024238,"SEATTLE TACOMA INTERNATIONAL AIRPORT, WA US",1/5/18,0.51,46
USW00024239,"SEATTLE TACOMA INTERNATIONAL AIRPORT, WA US",1/6/18,0.17,47
USW00024240,"SEATTLE TACOMA INTERNATIONAL AIRPORT, WA US",1/7/18,0.33,44
USW00024241,"SEATTLE TACOMA INTERNATIONAL AIRPORT, WA US",1/8/18,0.16,45
USW00024242,"SEATTLE TACOMA INTERNATIONAL AIRPORT, WA US",1/9/18,0.18,45
USW00024243,"SEATTLE TACOMA INTERNATIONAL AIRPORT, WA US",1/10/18,0.17,43
USW00024244,"SEATTLE TACOMA INTERNATIONAL AIRPORT, WA US",1/11/18,1.12,44
USW00024245,"SEATTLE TACOMA INTERNATIONAL AIRPORT, WA US",1/12/18,0.1,50
USW00024246,"SEATTLE TACOMA INTERNATIONAL AIRPORT, WA US",1/13/18,0.01,50
USW00024247,"SEATTLE TACOMA INTERNATIONAL AIRPORT, WA US",1/14/18,0,47
USW00024248,"SEATTLE TACOMA INTERNATIONAL AIRPORT, WA US",1/15/18,0.06,48
USW00024249,"SEATTLE TACOMA INTERNATIONAL AIRPORT, WA US",1/16/18,0.19,52
USW00024250,"SEATTLE TACOMA INTERNATIONAL AIRPORT, WA US",1/17/18,0.43,49
USW00024251,"SEATTLE TACOMA INTERNATIONAL AIRPORT, WA US",1/18/18,0.4,48
USW00024252,"SEATTLE TACOMA INTERNATIONAL AIRPORT, WA US",1/19/18,0.03,42
USW00024253,"SEATTLE TACOMA INTERNATIONAL AIRPORT, WA US",1/20/18,0.08,43
USW00024254,"SEATTLE TACOMA INTERNATIONAL AIRPORT, WA US",1/21/18,0.11,48
USW00024255,"SEATTLE TACOMA INTERNATIONAL AIRPORT, WA US",1/22/18,0.36,43
USW00024256,"SEATTLE TACOMA INTERNATIONAL AIRPORT, WA US",1/23/18,0.88,42
USW00024257,"SEATTLE TACOMA INTERNATIONAL AIRPORT, WA US",1/24/18,0.44,46
USW00024258,"SEATTLE TACOMA INTERNATIONAL AIRPORT, WA US",1/25/18,0.15,41
USW00024259,"SEATTLE TACOMA INTERNATIONAL AIRPORT, WA US",1/26/18,0.41,40
USW00024260,"SEATTLE TACOMA INTERNATIONAL AIRPORT, WA US",1/27/18,0.55,43
USW00024261,"SEATTLE TACOMA INTERNATIONAL AIRPORT, WA US",1/28/18,0.06,47
USW00024262,"SEATTLE TACOMA INTERNATIONAL AIRPORT, WA US",1/29/18,1.09,49
USW00024263,"SEATTLE TACOMA INTERNATIONAL AIRPORT, WA US",1/30/18,0,44
USW00024264,"SEATTLE TACOMA INTERNATIONAL AIRPORT, WA US",1/31/18,0,42
USW00024265,"SEATTLE TACOMA INTERNATIONAL AIRPORT, WA US",2/1/18,0.57,44
USW00024266,"SEATTLE TACOMA INTERNATIONAL AIRPORT, WA US",2/2/18,0.08,48
USW00024267,"SEATTLE TACOMA INTERNATIONAL AIRPORT, WA US",2/3/18,0.14,49
USW00024268,"SEATTLE TACOMA INTERNATIONAL AIRPORT, WA US",2/4/18,0.01,51
USW00024269,"SEATTLE TACOMA INTERNATIONAL AIRPORT, WA US",2/5/18,0.03,49
USW00024270,"SEATTLE TACOMA INTERNATIONAL AIRPORT, WA US",2/6/18,0.05,46
USW00024271,"SEATTLE TACOMA INTERNATIONAL AIRPORT, WA US",2/7/18,0,49
USW00024272,"SEATTLE TACOMA INTERNATIONAL AIRPORT, WA US",2/8/18,0.05,51
USW00024273,"SEATTLE TACOMA INTERNATIONAL AIRPORT, WA US",2/9/18,0,44
USW00024274,"SEATTLE TACOMA INTERNATIONAL AIRPORT, WA US",2/10/18,0,40
USW00024275,"SEATTLE TACOMA INTERNATIONAL AIRPORT, WA US",2/11/18,0,39
USW00024276,"SEATTLE TACOMA INTERNATIONAL AIRPORT, WA US",2/12/18,0,39
USW00024277,"SEATTLE TACOMA INTERNATIONAL AIRPORT, WA US",2/13/18,0.14,37
USW00024278,"SEATTLE TACOMA INTERNATIONAL AIRPORT, WA US",2/14/18,0.1,40
USW00024279,"SEATTLE TACOMA INTERNATIONAL AIRPORT, WA US",2/15/18,0.01,40
USW00024280,"SEATTLE TACOMA INTERNATIONAL AIRPORT, WA US",2/16/18,0.11,42
USW00024281,"SEATTLE TACOMA INTERNATIONAL AIRPORT, WA US",2/17/18,0.3,46
USW00024282,"SEATTLE TACOMA INTERNATIONAL AIRPORT, WA US",2/18/18,0.06,38
USW00024283,"SEATTLE TACOMA INTERNATIONAL AIRPORT, WA US",2/19/18,0,32
USW00024284,"SEATTLE TACOMA INTERNATIONAL AIRPORT, WA US",2/20/18,0,31
USW00024285,"SEATTLE TACOMA INTERNATIONAL AIRPORT, WA US",2/21/18,0.06,31
USW00024286,"SEATTLE TACOMA INTERNATIONAL AIRPORT, WA US",2/22/18,0,31
USW00024287,"SEATTLE TACOMA INTERNATIONAL AIRPORT, WA US",2/23/18,0.03,30
USW00024288,"SEATTLE TACOMA INTERNATIONAL AIRPORT, WA US",2/24/18,0.06,37
USW00024289,"SEATTLE TACOMA INTERNATIONAL AIRPORT, WA US",2/25/18,0.2,42
USW00024290,"SEATTLE TACOMA INTERNATIONAL AIRPORT, WA US",2/26/18,0,37
USW00024291,"SEATTLE TACOMA INTERNATIONAL AIRPORT, WA US",2/27/18,0.01,40
USW00024292,"SEATTLE TACOMA INTERNATIONAL AIRPORT, WA US",2/28/18,0.15,42
USW00024293,"SEATTLE TACOMA INTERNATIONAL AIRPORT, WA US",3/1/18,0.03,44
USW00024294,"SEATTLE TACOMA INTERNATIONAL AIRPORT, WA US",3/2/18,0.18,42
USW00024295,"SEATTLE TACOMA INTERNATIONAL AIRPORT, WA US",3/3/18,0,41
USW00024296,"SEATTLE TACOMA INTERNATIONAL AIRPORT, WA US",3/4/18,0.13,40
USW00024297,"SEATTLE TACOMA INTERNATIONAL AIRPORT, WA US",3/5/18,0,41
USW00024298,"SEATTLE TACOMA INTERNATIONAL AIRPORT, WA US",3/6/18,0,44
USW00024299,"SEATTLE TACOMA INTERNATIONAL AIRPORT, WA US",3/7/18,0.04,43
USW00024300,"SEATTLE TACOMA INTERNATIONAL AIRPORT, WA US",3/8/18,0.35,45
USW00024301,"SEATTLE TACOMA INTERNATIONAL AIRPORT, WA US",3/9/18,0,46
USW00024302,"SEATTLE TACOMA INTERNATIONAL AIRPORT, WA US",3/10/18,0,44
USW00024303,"SEATTLE TACOMA INTERNATIONAL AIRPORT, WA US",3/11/18,0,51
USW00024304,"SEATTLE TACOMA INTERNATIONAL AIRPORT, WA US",3/12/18,0,57
USW00024305,"SEATTLE TACOMA INTERNATIONAL AIRPORT, WA US",3/13/18,0.27,60
USW00024306,"SEATTLE TACOMA INTERNATIONAL AIRPORT, WA US",3/14/18,0.03,47
USW00024307,"SEATTLE TACOMA INTERNATIONAL AIRPORT, WA US",3/15/18,0,45
USW00024308,"SEATTLE TACOMA INTERNATIONAL AIRPORT, WA US",3/16/18,0,47
USW00024309,"SEATTLE TACOMA INTERNATIONAL AIRPORT, WA US",3/17/18,0,46
USW00024310,"SEATTLE TACOMA INTERNATIONAL AIRPORT, WA US",3/18/18,0,46
USW00024311,"SEATTLE TACOMA INTERNATIONAL AIRPORT, WA US",3/19/18,0,45
USW00024312,"SEATTLE TACOMA INTERNATIONAL AIRPORT, WA US",3/20/18,0,46
USW00024313,"SEATTLE TACOMA INTERNATIONAL AIRPORT, WA US",3/21/18,0.1,46
USW00024314,"SEATTLE TACOMA INTERNATIONAL AIRPORT, WA US",3/22/18,0.46,47
USW00024315,"SEATTLE TACOMA INTERNATIONAL AIRPORT, WA US",3/23/18,0.35,41
USW00024316,"SEATTLE TACOMA INTERNATIONAL AIRPORT, WA US",3/24/18,0.23,41
USW00024317,"SEATTLE TACOMA INTERNATIONAL AIRPORT, WA US",3/25/18,0.04,43
USW00024318,"SEATTLE TACOMA INTERNATIONAL AIRPORT, WA US",3/26/18,0.15,44
USW00024319,"SEATTLE TACOMA INTERNATIONAL AIRPORT, WA US",3/27/18,0.08,47
USW00024320,"SEATTLE TACOMA INTERNATIONAL AIRPORT, WA US",3/28/18,0,47
USW00024321,"SEATTLE TACOMA INTERNATIONAL AIRPORT, WA US",3/29/18,0,48
USW00024322,"SEATTLE TACOMA INTERNATIONAL AIRPORT, WA US",3/30/18,0,50
USW00024323,"SEATTLE TACOMA INTERNATIONAL AIRPORT, WA US",3/31/18,0,50
USW00024324,"SEATTLE TACOMA INTERNATIONAL AIRPORT, WA US",4/1/18,0,47
USW00024325,"SEATTLE TACOMA INTERNATIONAL AIRPORT, WA US",4/2/18,0,43
USW00024326,"SEATTLE TACOMA INTERNATIONAL AIRPORT, WA US",4/3/18,0,45
USW00024327,"SEATTLE TACOMA INTERNATIONAL AIRPORT, WA US",4/4/18,0.29,45
USW00024328,"SEATTLE TACOMA INTERNATIONAL AIRPORT, WA US",4/5/18,0.21,49
USW00024329,"SEATTLE TACOMA INTERNATIONAL AIRPORT, WA US",4/6/18,0.05,54
USW00024330,"SEATTLE TACOMA INTERNATIONAL AIRPORT, WA US",4/7/18,0.82,57
USW00024331,"SEATTLE TACOMA INTERNATIONAL AIRPORT, WA US",4/8/18,0.39,48
USW00024332,"SEATTLE TACOMA INTERNATIONAL AIRPORT, WA US",4/9/18,0,50
USW00024333,"SEATTLE TACOMA INTERNATIONAL AIRPORT, WA US",4/10/18,0.18,54
USW00024334,"SEATTLE TACOMA INTERNATIONAL AIRPORT, WA US",4/11/18,0.21,51
USW00024335,"SEATTLE TACOMA INTERNATIONAL AIRPORT, WA US",4/12/18,0.11,45
USW00024336,"SEATTLE TACOMA INTERNATIONAL AIRPORT, WA US",4/13/18,0.66,47
USW00024337,"SEATTLE TACOMA INTERNATIONAL AIRPORT, WA US",4/14/18,1.7,49
USW00024338,"SEATTLE TACOMA INTERNATIONAL AIRPORT, WA US",4/15/18,0.12,47
USW00024339,"SEATTLE TACOMA INTERNATIONAL AIRPORT, WA US",4/16/18,0.59,45
USW00024340,"SEATTLE TACOMA INTERNATIONAL AIRPORT, WA US",4/17/18,0.01,46
USW00024341,"SEATTLE TACOMA INTERNATIONAL AIRPORT, WA US",4/18/18,0,48
USW00024342,"SEATTLE TACOMA INTERNATIONAL AIRPORT, WA US",4/19/18,0,51
USW00024343,"SEATTLE TACOMA INTERNATIONAL AIRPORT, WA US",4/20/18,0,53
USW00024344,"SEATTLE TACOMA INTERNATIONAL AIRPORT, WA US",4/21/18,0.03,51
USW00024345,"SEATTLE TACOMA INTERNATIONAL AIRPORT, WA US",4/22/18,0,50
USW00024346,"SEATTLE TACOMA INTERNATIONAL AIRPORT, WA US",4/23/18,0,53
USW00024347,"SEATTLE TACOMA INTERNATIONAL AIRPORT, WA US",4/24/18,0,63
USW00024348,"SEATTLE TACOMA INTERNATIONAL AIRPORT, WA US",4/25/18,0,63
USW00024349,"SEATTLE TACOMA INTERNATIONAL AIRPORT, WA US",4/26/18,0,65
USW00024350,"SEATTLE TACOMA INTERNATIONAL AIRPORT, WA US",4/27/18,0.01,58
USW00024351,"SEATTLE TACOMA INTERNATIONAL AIRPORT, WA US",4/28/18,0.31,51
USW00024352,"SEATTLE TACOMA INTERNATIONAL AIRPORT, WA US",4/29/18,0,52
USW00024353,"SEATTLE TACOMA INTERNATIONAL AIRPORT, WA US",4/30/18,0,51
USW00024354,"SEATTLE TACOMA INTERNATIONAL AIRPORT, WA US",5/1/18,0,52
USW00024355,"SEATTLE TACOMA INTERNATIONAL AIRPORT, WA US",5/2/18,0,55
USW00024356,"SEATTLE TACOMA INTERNATIONAL AIRPORT, WA US",5/3/18,0,61
USW00024357,"SEATTLE TACOMA INTERNATIONAL AIRPORT, WA US",5/4/18,0,56
USW00024358,"SEATTLE TACOMA INTERNATIONAL AIRPORT, WA US",5/5/18,0.01,57
USW00024359,"SEATTLE TACOMA INTERNATIONAL AIRPORT, WA US",5/6/18,0,62
USW00024360,"SEATTLE TACOMA INTERNATIONAL AIRPORT, WA US",5/7/18,0,58
USW00024361,"SEATTLE TACOMA INTERNATIONAL AIRPORT, WA US",5/8/18,0.03,62
USW00024362,"SEATTLE TACOMA INTERNATIONAL AIRPORT, WA US",5/9/18,0,60
USW00024363,"SEATTLE TACOMA INTERNATIONAL AIRPORT, WA US",5/10/18,0.04,55
USW00024364,"SEATTLE TACOMA INTERNATIONAL AIRPORT, WA US",5/11/18,0,54
USW00024365,"SEATTLE TACOMA INTERNATIONAL AIRPORT, WA US",5/12/18,0,60
USW00024366,"SEATTLE TACOMA INTERNATIONAL AIRPORT, WA US",5/13/18,0,67
USW00024367,"SEATTLE TACOMA INTERNATIONAL AIRPORT, WA US",5/14/18,0,71
USW00024368,"SEATTLE TACOMA INTERNATIONAL AIRPORT, WA US",5/15/18,0,65
USW00024369,"SEATTLE TACOMA INTERNATIONAL AIRPORT, WA US",5/16/18,0,59
USW00024370,"SEATTLE TACOMA INTERNATIONAL AIRPORT, WA US",5/17/18,0,58
USW00024371,"SEATTLE TACOMA INTERNATIONAL AIRPORT, WA US",5/18/18,0,58
USW00024372,"SEATTLE TACOMA INTERNATIONAL AIRPORT, WA US",5/19/18,0.04,60
USW00024373,"SEATTLE TACOMA INTERNATIONAL AIRPORT, WA US",5/20/18,0,60
USW00024374,"SEATTLE TACOMA INTERNATIONAL AIRPORT, WA US",5/21/18,0,60
USW00024375,"SEATTLE TACOMA INTERNATIONAL AIRPORT, WA US",5/22/18,0,63
USW00024376,"SEATTLE TACOMA INTERNATIONAL AIRPORT, WA US",5/23/18,0,68
USW00024377,"SEATTLE TACOMA INTERNATIONAL AIRPORT, WA US",5/24/18,0,62
USW00024378,"SEATTLE TACOMA INTERNATIONAL AIRPORT, WA US",5/25/18,0,60
USW00024379,"SEATTLE TACOMA INTERNATIONAL AIRPORT, WA US",5/26/18,0,59
USW00024380,"SEATTLE TACOMA INTERNATIONAL AIRPORT, WA US",5/27/18,0,60
USW00024381,"SEATTLE TACOMA INTERNATIONAL AIRPORT, WA US",5/28/18,0,61
USW00024382,"SEATTLE TACOMA INTERNATIONAL AIRPORT, WA US",5/29/18,0,58
USW00024383,"SEATTLE TACOMA INTERNATIONAL AIRPORT, WA US",5/30/18,0,56
USW00024384,"SEATTLE TACOMA INTERNATIONAL AIRPORT, WA US",5/31/18,0,56
USW00024385,"SEATTLE TACOMA INTERNATIONAL AIRPORT, WA US",6/1/18,0,56
USW00024386,"SEATTLE TACOMA INTERNATIONAL AIRPORT, WA US",6/2/18,0,62
USW00024387,"SEATTLE TACOMA INTERNATIONAL AIRPORT, WA US",6/3/18,0.01,61
USW00024388,"SEATTLE TACOMA INTERNATIONAL AIRPORT, WA US",6/4/18,0,55
USW00024389,"SEATTLE TACOMA INTERNATIONAL AIRPORT, WA US",6/5/18,0,58
USW00024390,"SEATTLE TACOMA INTERNATIONAL AIRPORT, WA US",6/6/18,0,61
USW00024391,"SEATTLE TACOMA INTERNATIONAL AIRPORT, WA US",6/7/18,0,62
USW00024392,"SEATTLE TACOMA INTERNATIONAL AIRPORT, WA US",6/8/18,0.25,60
USW00024393,"SEATTLE TACOMA INTERNATIONAL AIRPORT, WA US",6/9/18,0.09,54
USW00024394,"SEATTLE TACOMA INTERNATIONAL AIRPORT, WA US",6/10/18,0.06,54
USW00024395,"SEATTLE TACOMA INTERNATIONAL AIRPORT, WA US",6/11/18,0,55
USW00024396,"SEATTLE TACOMA INTERNATIONAL AIRPORT, WA US",6/12/18,0,61
USW00024397,"SEATTLE TACOMA INTERNATIONAL AIRPORT, WA US",6/13/18,0.02,60
USW00024398,"SEATTLE TACOMA INTERNATIONAL AIRPORT, WA US",6/14/18,0,58
USW00024399,"SEATTLE TACOMA INTERNATIONAL AIRPORT, WA US",6/15/18,0,61
USW00024400,"SEATTLE TACOMA INTERNATIONAL AIRPORT, WA US",6/16/18,0,64
USW00024401,"SEATTLE TACOMA INTERNATIONAL AIRPORT, WA US",6/17/18,0,72
USW00024402,"SEATTLE TACOMA INTERNATIONAL AIRPORT, WA US",6/18/18,0,76
USW00024403,"SEATTLE TACOMA INTERNATIONAL AIRPORT, WA US",6/19/18,0,69
USW00024404,"SEATTLE TACOMA INTERNATIONAL AIRPORT, WA US",6/20/18,0,74
USW00024405,"SEATTLE TACOMA INTERNATIONAL AIRPORT, WA US",6/21/18,0,66
USW00024406,"SEATTLE TACOMA INTERNATIONAL AIRPORT, WA US",6/22/18,0,61
USW00024407,"SEATTLE TACOMA INTERNATIONAL AIRPORT, WA US",6/23/18,0.07,61
USW00024408,"SEATTLE TACOMA INTERNATIONAL AIRPORT, WA US",6/24/18,0.13,64
USW00024409,"SEATTLE TACOMA INTERNATIONAL AIRPORT, WA US",6/25/18,0,64
USW00024410,"SEATTLE TACOMA INTERNATIONAL AIRPORT, WA US",6/26/18,0,60
USW00024411,"SEATTLE TACOMA INTERNATIONAL AIRPORT, WA US",6/27/18,0,61
USW00024412,"SEATTLE TACOMA INTERNATIONAL AIRPORT, WA US",6/28/18,0,60
USW00024413,"SEATTLE TACOMA INTERNATIONAL AIRPORT, WA US",6/29/18,0,62
USW00024414,"SEATTLE TACOMA INTERNATIONAL AIRPORT, WA US",6/30/18,0,63
USW00024415,"SEATTLE TACOMA INTERNATIONAL AIRPORT, WA US",7/1/18,0.04,61
USW00024416,"SEATTLE TACOMA INTERNATIONAL AIRPORT, WA US",7/2/18,0,60
USW00024417,"SEATTLE TACOMA INTERNATIONAL AIRPORT, WA US",7/3/18,0,61
USW00024418,"SEATTLE TACOMA INTERNATIONAL AIRPORT, WA US",7/4/18,0,68
USW00024419,"SEATTLE TACOMA INTERNATIONAL AIRPORT, WA US",7/5/18,0,69
USW00024420,"SEATTLE TACOMA INTERNATIONAL AIRPORT, WA US",7/6/18,0,70
USW00024421,"SEATTLE TACOMA INTERNATIONAL AIRPORT, WA US",7/7/18,0.01,65
USW00024422,"SEATTLE TACOMA INTERNATIONAL AIRPORT, WA US",7/8/18,0,67
USW00024423,"SEATTLE TACOMA INTERNATIONAL AIRPORT, WA US",7/9/18,0,67
USW00024424,"SEATTLE TACOMA INTERNATIONAL AIRPORT, WA US",7/10/18,0,63
USW00024425,"SEATTLE TACOMA INTERNATIONAL AIRPORT, WA US",7/11/18,0,68
USW00024426,"SEATTLE TACOMA INTERNATIONAL AIRPORT, WA US",7/12/18,0,73
USW00024427,"SEATTLE TACOMA INTERNATIONAL AIRPORT, WA US",7/13/18,0,75
USW00024428,"SEATTLE TACOMA INTERNATIONAL AIRPORT, WA US",7/14/18,0,72
USW00024429,"SEATTLE TACOMA INTERNATIONAL AIRPORT, WA US",7/15/18,0,78
USW00024430,"SEATTLE TACOMA INTERNATIONAL AIRPORT, WA US",7/16/18,0,78
USW00024431,"SEATTLE TACOMA INTERNATIONAL AIRPORT, WA US",7/17/18,0,74
USW00024432,"SEATTLE TACOMA INTERNATIONAL AIRPORT, WA US",7/18/18,0,67
USW00024433,"SEATTLE TACOMA INTERNATIONAL AIRPORT, WA US",7/19/18,0,63
USW00024434,"SEATTLE TACOMA INTERNATIONAL AIRPORT, WA US",7/20/18,0,62
USW00024435,"SEATTLE TACOMA INTERNATIONAL AIRPORT, WA US",7/21/18,0,67
USW00024436,"SEATTLE TACOMA INTERNATIONAL AIRPORT, WA US",7/22/18,0,71
USW00024437,"SEATTLE TACOMA INTERNATIONAL AIRPORT, WA US",7/23/18,0,76
USW00024438,"SEATTLE TACOMA INTERNATIONAL AIRPORT, WA US",7/24/18,0,75
USW00024439,"SEATTLE TACOMA INTERNATIONAL AIRPORT, WA US",7/25/18,0,76
USW00024440,"SEATTLE TACOMA INTERNATIONAL AIRPORT, WA US",7/26/18,0,77
USW00024441,"SEATTLE TACOMA INTERNATIONAL AIRPORT, WA US",7/27/18,0,72
USW00024442,"SEATTLE TACOMA INTERNATIONAL AIRPORT, WA US",7/28/18,0,70
USW00024443,"SEATTLE TACOMA INTERNATIONAL AIRPORT, WA US",7/29/18,0,74
USW00024444,"SEATTLE TACOMA INTERNATIONAL AIRPORT, WA US",7/30/18,0,77
USW00024445,"SEATTLE TACOMA INTERNATIONAL AIRPORT, WA US",7/31/18,0,69
USW00024446,"SEATTLE TACOMA INTERNATIONAL AIRPORT, WA US",8/1/18,0,65
USW00024447,"SEATTLE TACOMA INTERNATIONAL AIRPORT, WA US",8/2/18,0.02,63
USW00024448,"SEATTLE TACOMA INTERNATIONAL AIRPORT, WA US",8/3/18,0.01,64
USW00024449,"SEATTLE TACOMA INTERNATIONAL AIRPORT, WA US",8/4/18,0,67
USW00024450,"SEATTLE TACOMA INTERNATIONAL AIRPORT, WA US",8/5/18,0,70
USW00024451,"SEATTLE TACOMA INTERNATIONAL AIRPORT, WA US",8/6/18,0,72
USW00024452,"SEATTLE TACOMA INTERNATIONAL AIRPORT, WA US",8/7/18,0,75
USW00024453,"SEATTLE TACOMA INTERNATIONAL AIRPORT, WA US",8/8/18,0,78
USW00024454,"SEATTLE TACOMA INTERNATIONAL AIRPORT, WA US",8/9/18,0,76
USW00024455,"SEATTLE TACOMA INTERNATIONAL AIRPORT, WA US",8/10/18,0,75
USW00024456,"SEATTLE TACOMA INTERNATIONAL AIRPORT, WA US",8/11/18,0.05,67
USW00024457,"SEATTLE TACOMA INTERNATIONAL AIRPORT, WA US",8/12/18,0,65
USW00024458,"SEATTLE TACOMA INTERNATIONAL AIRPORT, WA US",8/13/18,0,66
USW00024459,"SEATTLE TACOMA INTERNATIONAL AIRPORT, WA US",8/14/18,0,71
USW00024460,"SEATTLE TACOMA INTERNATIONAL AIRPORT, WA US",8/15/18,0,73
USW00024461,"SEATTLE TACOMA INTERNATIONAL AIRPORT, WA US",8/16/18,0,67
USW00024462,"SEATTLE TACOMA INTERNATIONAL AIRPORT, WA US",8/17/18,0,62
USW00024463,"SEATTLE TACOMA INTERNATIONAL AIRPORT, WA US",8/18/18,0,66
USW00024464,"SEATTLE TACOMA INTERNATIONAL AIRPORT, WA US",8/19/18,0,69
USW00024465,"SEATTLE TACOMA INTERNATIONAL AIRPORT, WA US",8/20/18,0,69
USW00024466,"SEATTLE TACOMA INTERNATIONAL AIRPORT, WA US",8/21/18,0,77
USW00024467,"SEATTLE TACOMA INTERNATIONAL AIRPORT, WA US",8/22/18,0,76
USW00024468,"SEATTLE TACOMA INTERNATIONAL AIRPORT, WA US",8/23/18,0.01,65
USW00024469,"SEATTLE TACOMA INTERNATIONAL AIRPORT, WA US",8/24/18,0,62
USW00024470,"SEATTLE TACOMA INTERNATIONAL AIRPORT, WA US",8/25/18,0,58
USW00024471,"SEATTLE TACOMA INTERNATIONAL AIRPORT, WA US",8/26/18,0.11,61
USW00024472,"SEATTLE TACOMA INTERNATIONAL AIRPORT, WA US",8/27/18,0,61
USW00024473,"SEATTLE TACOMA INTERNATIONAL AIRPORT, WA US",8/28/18,0,67
USW00024474,"SEATTLE TACOMA INTERNATIONAL AIRPORT, WA US",8/29/18,0,68
USW00024475,"SEATTLE TACOMA INTERNATIONAL AIRPORT, WA US",8/30/18,0,66
USW00024476,"SEATTLE TACOMA INTERNATIONAL AIRPORT, WA US",8/31/18,0,64
USW00024477,"SEATTLE TACOMA INTERNATIONAL AIRPORT, WA US",9/1/18,0,63
USW00024478,"SEATTLE TACOMA INTERNATIONAL AIRPORT, WA US",9/2/18,0,63
USW00024479,"SEATTLE TACOMA INTERNATIONAL AIRPORT, WA US",9/3/18,0,66
USW00024480,"SEATTLE TACOMA INTERNATIONAL AIRPORT, WA US",9/4/18,0,64
USW00024481,"SEATTLE TACOMA INTERNATIONAL AIRPORT, WA US",9/5/18,0,67
USW00024482,"SEATTLE TACOMA INTERNATIONAL AIRPORT, WA US",9/6/18,0,69
USW00024483,"SEATTLE TACOMA INTERNATIONAL AIRPORT, WA US",9/7/18,0.05,65
USW00024484,"SEATTLE TACOMA INTERNATIONAL AIRPORT, WA US",9/8/18,0.04,62
USW00024485,"SEATTLE TACOMA INTERNATIONAL AIRPORT, WA US",9/9/18,0.13,65
USW00024486,"SEATTLE TACOMA INTERNATIONAL AIRPORT, WA US",9/10/18,0,63
USW00024487,"SEATTLE TACOMA INTERNATIONAL AIRPORT, WA US",9/11/18,0,61
USW00024488,"SEATTLE TACOMA INTERNATIONAL AIRPORT, WA US",9/12/18,0.01,59
USW00024489,"SEATTLE TACOMA INTERNATIONAL AIRPORT, WA US",9/13/18,0,60
USW00024490,"SEATTLE TACOMA INTERNATIONAL AIRPORT, WA US",9/14/18,0.42,60
USW00024491,"SEATTLE TACOMA INTERNATIONAL AIRPORT, WA US",9/15/18,0.01,58
USW00024492,"SEATTLE TACOMA INTERNATIONAL AIRPORT, WA US",9/16/18,0.17,58
USW00024493,"SEATTLE TACOMA INTERNATIONAL AIRPORT, WA US",9/17/18,0,57
USW00024494,"SEATTLE TACOMA INTERNATIONAL AIRPORT, WA US",9/18/18,0,56
USW00024495,"SEATTLE TACOMA INTERNATIONAL AIRPORT, WA US",9/19/18,0.03,58
USW00024496,"SEATTLE TACOMA INTERNATIONAL AIRPORT, WA US",9/20/18,0.05,58
USW00024497,"SEATTLE TACOMA INTERNATIONAL AIRPORT, WA US",9/21/18,0.02,63
USW00024498,"SEATTLE TACOMA INTERNATIONAL AIRPORT, WA US",9/22/18,0.05,63
USW00024499,"SEATTLE TACOMA INTERNATIONAL AIRPORT, WA US",9/23/18,0,58
USW00024500,"SEATTLE TACOMA INTERNATIONAL AIRPORT, WA US",9/24/18,0,58
USW00024501,"SEATTLE TACOMA INTERNATIONAL AIRPORT, WA US",9/25/18,0,59
USW00024502,"SEATTLE TACOMA INTERNATIONAL AIRPORT, WA US",9/26/18,0,58
USW00024503,"SEATTLE TACOMA INTERNATIONAL AIRPORT, WA US",9/27/18,0,62
USW00024504,"SEATTLE TACOMA INTERNATIONAL AIRPORT, WA US",9/28/18,0,65
USW00024505,"SEATTLE TACOMA INTERNATIONAL AIRPORT, WA US",9/29/18,0.03,62
USW00024506,"SEATTLE TACOMA INTERNATIONAL AIRPORT, WA US",9/30/18,0.03,60
USW00024507,"SEATTLE TACOMA INTERNATIONAL AIRPORT, WA US",10/1/18,0.3,61
USW00024508,"SEATTLE TACOMA INTERNATIONAL AIRPORT, WA US",10/2/18,0.01,57
USW00024509,"SEATTLE TACOMA INTERNATIONAL AIRPORT, WA US",10/3/18,0,50
USW00024510,"SEATTLE TACOMA INTERNATIONAL AIRPORT, WA US",10/4/18,0,51
USW00024511,"SEATTLE TACOMA INTERNATIONAL AIRPORT, WA US",10/5/18,0.56,51
USW00024512,"SEATTLE TACOMA INTERNATIONAL AIRPORT, WA US",10/6/18,0,52
USW00024513,"SEATTLE TACOMA INTERNATIONAL AIRPORT, WA US",10/7/18,0.03,52
USW00024514,"SEATTLE TACOMA INTERNATIONAL AIRPORT, WA US",10/8/18,0.1,54
USW00024515,"SEATTLE TACOMA INTERNATIONAL AIRPORT, WA US",10/9/18,0.09,54
USW00024516,"SEATTLE TACOMA INTERNATIONAL AIRPORT, WA US",10/10/18,0,54
USW00024517,"SEATTLE TACOMA INTERNATIONAL AIRPORT, WA US",10/11/18,0,53
USW00024518,"SEATTLE TACOMA INTERNATIONAL AIRPORT, WA US",10/12/18,0,54
USW00024519,"SEATTLE TACOMA INTERNATIONAL AIRPORT, WA US",10/13/18,0,54
USW00024520,"SEATTLE TACOMA INTERNATIONAL AIRPORT, WA US",10/14/18,0,55
USW00024521,"SEATTLE TACOMA INTERNATIONAL AIRPORT, WA US",10/15/18,0,55
USW00024522,"SEATTLE TACOMA INTERNATIONAL AIRPORT, WA US",10/16/18,0,56
USW00024523,"SEATTLE TACOMA INTERNATIONAL AIRPORT, WA US",10/17/18,0,56
USW00024524,"SEATTLE TACOMA INTERNATIONAL AIRPORT, WA US",10/18/18,0,57
USW00024525,"SEATTLE TACOMA INTERNATIONAL AIRPORT, WA US",10/19/18,0,53
USW00024526,"SEATTLE TACOMA INTERNATIONAL AIRPORT, WA US",10/20/18,0,51
USW00024527,"SEATTLE TACOMA INTERNATIONAL AIRPORT, WA US",10/21/18,0,49
USW00024528,"SEATTLE TACOMA INTERNATIONAL AIRPORT, WA US",10/22/18,0,48
USW00024529,"SEATTLE TACOMA INTERNATIONAL AIRPORT, WA US",10/23/18,0.06,47
USW00024530,"SEATTLE TACOMA INTERNATIONAL AIRPORT, WA US",10/24/18,0,53
USW00024531,"SEATTLE TACOMA INTERNATIONAL AIRPORT, WA US",10/25/18,0.66,56
USW00024532,"SEATTLE TACOMA INTERNATIONAL AIRPORT, WA US",10/26/18,0.45,58
USW00024533,"SEATTLE TACOMA INTERNATIONAL AIRPORT, WA US",10/27/18,0.84,53
USW00024534,"SEATTLE TACOMA INTERNATIONAL AIRPORT, WA US",10/28/18,0.61,54
USW00024535,"SEATTLE TACOMA INTERNATIONAL AIRPORT, WA US",10/29/18,0.02,49
USW00024536,"SEATTLE TACOMA INTERNATIONAL AIRPORT, WA US",10/30/18,0.03,51
USW00024537,"SEATTLE TACOMA INTERNATIONAL AIRPORT, WA US",10/31/18,0.02,53
USW00024538,"SEATTLE TACOMA INTERNATIONAL AIRPORT, WA US",11/1/18,0.04,58
USW00024539,"SEATTLE TACOMA INTERNATIONAL AIRPORT, WA US",11/2/18,0.3,58
USW00024540,"SEATTLE TACOMA INTERNATIONAL AIRPORT, WA US",11/3/18,0.18,54
USW00024541,"SEATTLE TACOMA INTERNATIONAL AIRPORT, WA US",11/4/18,0.03,55
USW00024542,"SEATTLE TACOMA INTERNATIONAL AIRPORT, WA US",11/5/18,0,53
USW00024543,"SEATTLE TACOMA INTERNATIONAL AIRPORT, WA US",11/6/18,0.05,51
USW00024544,"SEATTLE TACOMA INTERNATIONAL AIRPORT, WA US",11/7/18,0.04,49
USW00024545,"SEATTLE TACOMA INTERNATIONAL AIRPORT, WA US",11/8/18,0,43
USW00024546,"SEATTLE TACOMA INTERNATIONAL AIRPORT, WA US",11/9/18,0.07,41
USW00024547,"SEATTLE TACOMA INTERNATIONAL AIRPORT, WA US",11/10/18,0,43
USW00024548,"SEATTLE TACOMA INTERNATIONAL AIRPORT, WA US",11/11/18,0,42
USW00024549,"SEATTLE TACOMA INTERNATIONAL AIRPORT, WA US",11/12/18,0,48
USW00024550,"SEATTLE TACOMA INTERNATIONAL AIRPORT, WA US",11/13/18,0,49
USW00024551,"SEATTLE TACOMA INTERNATIONAL AIRPORT, WA US",11/14/18,0.11,50
USW00024552,"SEATTLE TACOMA INTERNATIONAL AIRPORT, WA US",11/15/18,0.02,52
USW00024553,"SEATTLE TACOMA INTERNATIONAL AIRPORT, WA US",11/16/18,0.03,53
USW00024554,"SEATTLE TACOMA INTERNATIONAL AIRPORT, WA US",11/17/18,0,48
USW00024555,"SEATTLE TACOMA INTERNATIONAL AIRPORT, WA US",11/18/18,0,45
USW00024556,"SEATTLE TACOMA INTERNATIONAL AIRPORT, WA US",11/19/18,0,44
USW00024557,"SEATTLE TACOMA INTERNATIONAL AIRPORT, WA US",11/20/18,0,43
USW00024558,"SEATTLE TACOMA INTERNATIONAL AIRPORT, WA US",11/21/18,0.11,50
USW00024559,"SEATTLE TACOMA INTERNATIONAL AIRPORT, WA US",11/22/18,0.48,49
USW00024560,"SEATTLE TACOMA INTERNATIONAL AIRPORT, WA US",11/23/18,0.34,47
USW00024561,"SEATTLE TACOMA INTERNATIONAL AIRPORT, WA US",11/24/18,0,44
USW00024562,"SEATTLE TACOMA INTERNATIONAL AIRPORT, WA US",11/25/18,0.01,44
USW00024563,"SEATTLE TACOMA INTERNATIONAL AIRPORT, WA US",11/26/18,1.42,48
USW00024564,"SEATTLE TACOMA INTERNATIONAL AIRPORT, WA US",11/27/18,1.84,54
USW00024565,"SEATTLE TACOMA INTERNATIONAL AIRPORT, WA US",11/28/18,0.16,50
USW00024566,"SEATTLE TACOMA INTERNATIONAL AIRPORT, WA US",11/29/18,0,47
USW00024567,"SEATTLE TACOMA INTERNATIONAL AIRPORT, WA US",11/30/18,0.19,46
USW00024568,"SEATTLE TACOMA INTERNATIONAL AIRPORT, WA US",12/1/18,0.07,44
USW00024569,"SEATTLE TACOMA INTERNATIONAL AIRPORT, WA US",12/2/18,0.06,43
USW00024570,"SEATTLE TACOMA INTERNATIONAL AIRPORT, WA US",12/3/18,0,41
USW00024571,"SEATTLE TACOMA INTERNATIONAL AIRPORT, WA US",12/4/18,0,39
USW00024572,"SEATTLE TACOMA INTERNATIONAL AIRPORT, WA US",12/5/18,0,37
USW00024573,"SEATTLE TACOMA INTERNATIONAL AIRPORT, WA US",12/6/18,0,40
USW00024574,"SEATTLE TACOMA INTERNATIONAL AIRPORT, WA US",12/7/18,0,39
USW00024575,"SEATTLE TACOMA INTERNATIONAL AIRPORT, WA US",12/8/18,0,42
USW00024576,"SEATTLE TACOMA INTERNATIONAL AIRPORT, WA US",12/9/18,0.59,45
USW00024577,"SEATTLE TACOMA INTERNATIONAL AIRPORT, WA US",12/10/18,0.09,44
USW00024578,"SEATTLE TACOMA INTERNATIONAL AIRPORT, WA US",12/11/18,0.73,45
USW00024579,"SEATTLE TACOMA INTERNATIONAL AIRPORT, WA US",12/12/18,0.07,45
USW00024580,"SEATTLE TACOMA INTERNATIONAL AIRPORT, WA US",12/13/18,0.29,47
USW00024581,"SEATTLE TACOMA INTERNATIONAL AIRPORT, WA US",12/14/18,0.01,49
USW00024582,"SEATTLE TACOMA INTERNATIONAL AIRPORT, WA US",12/15/18,0.06,46
USW00024583,"SEATTLE TACOMA INTERNATIONAL AIRPORT, WA US",12/16/18,0.33,49
USW00024584,"SEATTLE TACOMA INTERNATIONAL AIRPORT, WA US",12/17/18,0.45,50
USW00024585,"SEATTLE TACOMA INTERNATIONAL AIRPORT, WA US",12/18/18,0.7,49
USW00024586,"SEATTLE TACOMA INTERNATIONAL AIRPORT, WA US",12/19/18,0.11,47
USW00024587,"SEATTLE TACOMA INTERNATIONAL AIRPORT, WA US",12/20/18,0.27,51
USW00024588,"SEATTLE TACOMA INTERNATIONAL AIRPORT, WA US",12/21/18,0,41
USW00024589,"SEATTLE TACOMA INTERNATIONAL AIRPORT, WA US",12/22/18,0.3,41
USW00024590,"SEATTLE TACOMA INTERNATIONAL AIRPORT, WA US",12/23/18,0.72,44
USW00024591,"SEATTLE TACOMA INTERNATIONAL AIRPORT, WA US",12/24/18,0,45
USW00024592,"SEATTLE TACOMA INTERNATIONAL AIRPORT, WA US",12/25/18,0.02,41
USW00024593,"SEATTLE TACOMA INTERNATIONAL AIRPORT, WA US",12/26/18,0.14,41
USW00024594,"SEATTLE TACOMA INTERNATIONAL AIRPORT, WA US",12/27/18,0.01,41
USW00024595,"SEATTLE TACOMA INTERNATIONAL AIRPORT, WA US",12/28/18,0.43,41
USW00024596,"SEATTLE TACOMA INTERNATIONAL AIRPORT, WA US",12/29/18,0.63,49
USW00024597,"SEATTLE TACOMA INTERNATIONAL AIRPORT, WA US",12/30/18,0,45
USW00024598,"SEATTLE TACOMA INTERNATIONAL AIRPORT, WA US",12/31/18,0,39
USW00024599,"SEATTLE TACOMA INTERNATIONAL AIRPORT, WA US",1/1/19,0,38
USW00024600,"SEATTLE TACOMA INTERNATIONAL AIRPORT, WA US",1/2/19,0.04,37
USW00024601,"SEATTLE TACOMA INTERNATIONAL AIRPORT, WA US",1/3/19,0.78,47
USW00024602,"SEATTLE TACOMA INTERNATIONAL AIRPORT, WA US",1/4/19,0.08,51
USW00024603,"SEATTLE TACOMA INTERNATIONAL AIRPORT, WA US",1/5/19,0.04,46
USW00024604,"SEATTLE TACOMA INTERNATIONAL AIRPORT, WA US",1/6/19,0.4,45
USW00024605,"SEATTLE TACOMA INTERNATIONAL AIRPORT, WA US",1/7/19,0,40
USW00024606,"SEATTLE TACOMA INTERNATIONAL AIRPORT, WA US",1/8/19,0.15,41
USW00024607,"SEATTLE TACOMA INTERNATIONAL AIRPORT, WA US",1/9/19,0.2,47
USW00024608,"SEATTLE TACOMA INTERNATIONAL AIRPORT, WA US",1/10/19,0.26,50
USW00024609,"SEATTLE TACOMA INTERNATIONAL AIRPORT, WA US",1/11/19,0,51
USW00024610,"SEATTLE TACOMA INTERNATIONAL AIRPORT, WA US",1/12/19,0,51
USW00024611,"SEATTLE TACOMA INTERNATIONAL AIRPORT, WA US",1/13/19,0,47
USW00024612,"SEATTLE TACOMA INTERNATIONAL AIRPORT, WA US",1/14/19,0,43
USW00024613,"SEATTLE TACOMA INTERNATIONAL AIRPORT, WA US",1/15/19,0,39
USW00024614,"SEATTLE TACOMA INTERNATIONAL AIRPORT, WA US",1/16/19,0,44
USW00024615,"SEATTLE TACOMA INTERNATIONAL AIRPORT, WA US",1/17/19,0.05,51
USW00024616,"SEATTLE TACOMA INTERNATIONAL AIRPORT, WA US",1/18/19,0.41,50
USW00024617,"SEATTLE TACOMA INTERNATIONAL AIRPORT, WA US",1/19/19,0.1,48
USW00024618,"SEATTLE TACOMA INTERNATIONAL AIRPORT, WA US",1/20/19,0,44
USW00024619,"SEATTLE TACOMA INTERNATIONAL AIRPORT, WA US",1/21/19,0,41
USW00024620,"SEATTLE TACOMA INTERNATIONAL AIRPORT, WA US",1/22/19,0.85,43
USW00024621,"SEATTLE TACOMA INTERNATIONAL AIRPORT, WA US",1/23/19,0.37,48
USW00024622,"SEATTLE TACOMA INTERNATIONAL AIRPORT, WA US",1/24/19,0.09,46
USW00024623,"SEATTLE TACOMA INTERNATIONAL AIRPORT, WA US",1/25/19,0,44
USW00024624,"SEATTLE TACOMA INTERNATIONAL AIRPORT, WA US",1/26/19,0,42
USW00024625,"SEATTLE TACOMA INTERNATIONAL AIRPORT, WA US",1/27/19,0,41
USW00024626,"SEATTLE TACOMA INTERNATIONAL AIRPORT, WA US",1/28/19,0,43
USW00024627,"SEATTLE TACOMA INTERNATIONAL AIRPORT, WA US",1/29/19,0,43
USW00024628,"SEATTLE TACOMA INTERNATIONAL AIRPORT, WA US",1/30/19,0,42
USW00024629,"SEATTLE TACOMA INTERNATIONAL AIRPORT, WA US",1/31/19,0.01,44
USW00024630,"SEATTLE TACOMA INTERNATIONAL AIRPORT, WA US",2/1/19,0.68,48
USW00024631,"SEATTLE TACOMA INTERNATIONAL AIRPORT, WA US",2/2/19,0.03,47
USW00024632,"SEATTLE TACOMA INTERNATIONAL AIRPORT, WA US",2/3/19,0.09,41
USW00024633,"SEATTLE TACOMA INTERNATIONAL AIRPORT, WA US",2/4/19,0.13,29
USW00024634,"SEATTLE TACOMA INTERNATIONAL AIRPORT, WA US",2/5/19,0,27
USW00024635,"SEATTLE TACOMA INTERNATIONAL AIRPORT, WA US",2/6/19,0,28
USW00024636,"SEATTLE TACOMA INTERNATIONAL AIRPORT, WA US",2/7/19,0,31
USW00024637,"SEATTLE TACOMA INTERNATIONAL AIRPORT, WA US",2/8/19,0.46,33
USW00024638,"SEATTLE TACOMA INTERNATIONAL AIRPORT, WA US",2/9/19,0.16,31
USW00024639,"SEATTLE TACOMA INTERNATIONAL AIRPORT, WA US",2/10/19,0.16,27
USW00024640,"SEATTLE TACOMA INTERNATIONAL AIRPORT, WA US",2/11/19,1.22,33
USW00024641,"SEATTLE TACOMA INTERNATIONAL AIRPORT, WA US",2/12/19,0.86,35
USW00024642,"SEATTLE TACOMA INTERNATIONAL AIRPORT, WA US",2/13/19,0.02,37
USW00024643,"SEATTLE TACOMA INTERNATIONAL AIRPORT, WA US",2/14/19,0.12,37
USW00024644,"SEATTLE TACOMA INTERNATIONAL AIRPORT, WA US",2/15/19,0,41
USW00024645,"SEATTLE TACOMA INTERNATIONAL AIRPORT, WA US",2/16/19,0.15,40
USW00024646,"SEATTLE TACOMA INTERNATIONAL AIRPORT, WA US",2/17/19,0,38
USW00024647,"SEATTLE TACOMA INTERNATIONAL AIRPORT, WA US",2/18/19,0.05,38
USW00024648,"SEATTLE TACOMA INTERNATIONAL AIRPORT, WA US",2/19/19,0.13,40
USW00024649,"SEATTLE TACOMA INTERNATIONAL AIRPORT, WA US",2/20/19,0.19,40
USW00024650,"SEATTLE TACOMA INTERNATIONAL AIRPORT, WA US",2/21/19,0,39
USW00024651,"SEATTLE TACOMA INTERNATIONAL AIRPORT, WA US",2/22/19,0.11,39
USW00024652,"SEATTLE TACOMA INTERNATIONAL AIRPORT, WA US",2/23/19,0.05,40
USW00024653,"SEATTLE TACOMA INTERNATIONAL AIRPORT, WA US",2/24/19,0.01,40
USW00024654,"SEATTLE TACOMA INTERNATIONAL AIRPORT, WA US",2/25/19,0,38
USW00024655,"SEATTLE TACOMA INTERNATIONAL AIRPORT, WA US",2/26/19,0,37
USW00024656,"SEATTLE TACOMA INTERNATIONAL AIRPORT, WA US",2/27/19,0,37
USW00024657,"SEATTLE TACOMA INTERNATIONAL AIRPORT, WA US",2/28/19,0,38
USW00024658,"SEATTLE TACOMA INTERNATIONAL AIRPORT, WA US",3/1/19,0,42
USW00024659,"SEATTLE TACOMA INTERNATIONAL AIRPORT, WA US",3/2/19,0,42
USW00024660,"SEATTLE TACOMA INTERNATIONAL AIRPORT, WA US",3/3/19,0,40
USW00024661,"SEATTLE TACOMA INTERNATIONAL AIRPORT, WA US",3/4/19,0,37
USW00024662,"SEATTLE TACOMA INTERNATIONAL AIRPORT, WA US",3/5/19,0,38
USW00024663,"SEATTLE TACOMA INTERNATIONAL AIRPORT, WA US",3/6/19,0.12,38
USW00024664,"SEATTLE TACOMA INTERNATIONAL AIRPORT, WA US",3/7/19,0.21,37
USW00024665,"SEATTLE TACOMA INTERNATIONAL AIRPORT, WA US",3/8/19,0.06,37
USW00024666,"SEATTLE TACOMA INTERNATIONAL AIRPORT, WA US",3/9/19,0,36
USW00024667,"SEATTLE TACOMA INTERNATIONAL AIRPORT, WA US",3/10/19,0,40
USW00024668,"SEATTLE TACOMA INTERNATIONAL AIRPORT, WA US",3/11/19,0.28,42
USW00024669,"SEATTLE TACOMA INTERNATIONAL AIRPORT, WA US",3/12/19,0.49,42
USW00024670,"SEATTLE TACOMA INTERNATIONAL AIRPORT, WA US",3/13/19,0,42
USW00024671,"SEATTLE TACOMA INTERNATIONAL AIRPORT, WA US",3/14/19,0,45
USW00024672,"SEATTLE TACOMA INTERNATIONAL AIRPORT, WA US",3/15/19,0,49
USW00024673,"SEATTLE TACOMA INTERNATIONAL AIRPORT, WA US",3/16/19,0,50
USW00024674,"SEATTLE TACOMA INTERNATIONAL AIRPORT, WA US",3/17/19,0,51
USW00024675,"SEATTLE TACOMA INTERNATIONAL AIRPORT, WA US",3/18/19,0,57
USW00024676,"SEATTLE TACOMA INTERNATIONAL AIRPORT, WA US",3/19/19,0,67
USW00024677,"SEATTLE TACOMA INTERNATIONAL AIRPORT, WA US",3/20/19,0,68
USW00024678,"SEATTLE TACOMA INTERNATIONAL AIRPORT, WA US",3/21/19,0,58
USW00024679,"SEATTLE TACOMA INTERNATIONAL AIRPORT, WA US",3/22/19,0.01,53
USW00024680,"SEATTLE TACOMA INTERNATIONAL AIRPORT, WA US",3/23/19,0,51
USW00024681,"SEATTLE TACOMA INTERNATIONAL AIRPORT, WA US",3/24/19,0,50
USW00024682,"SEATTLE TACOMA INTERNATIONAL AIRPORT, WA US",3/25/19,0.16,51
USW00024683,"SEATTLE TACOMA INTERNATIONAL AIRPORT, WA US",3/26/19,0.04,48
USW00024684,"SEATTLE TACOMA INTERNATIONAL AIRPORT, WA US",3/27/19,0,49
USW00024685,"SEATTLE TACOMA INTERNATIONAL AIRPORT, WA US",3/28/19,0,52
USW00024686,"SEATTLE TACOMA INTERNATIONAL AIRPORT, WA US",3/29/19,0,53
USW00024687,"SEATTLE TACOMA INTERNATIONAL AIRPORT, WA US",3/30/19,0,53
USW00024688,"SEATTLE TACOMA INTERNATIONAL AIRPORT, WA US",3/31/19,0,55
USW00024689,"SEATTLE TACOMA INTERNATIONAL AIRPORT, WA US",4/1/19,0,56
USW00024690,"SEATTLE TACOMA INTERNATIONAL AIRPORT, WA US",4/2/19,0,60
USW00024691,"SEATTLE TACOMA INTERNATIONAL AIRPORT, WA US",4/3/19,0.03,56
USW00024692,"SEATTLE TACOMA INTERNATIONAL AIRPORT, WA US",4/4/19,0.06,52
USW00024693,"SEATTLE TACOMA INTERNATIONAL AIRPORT, WA US",4/5/19,0.32,54
USW00024694,"SEATTLE TACOMA INTERNATIONAL AIRPORT, WA US",4/6/19,0.26,50
USW00024695,"SEATTLE TACOMA INTERNATIONAL AIRPORT, WA US",4/7/19,0.28,49
USW00024696,"SEATTLE TACOMA INTERNATIONAL AIRPORT, WA US",4/8/19,0.05,52
USW00024697,"SEATTLE TACOMA INTERNATIONAL AIRPORT, WA US",4/9/19,0.33,51
USW00024698,"SEATTLE TACOMA INTERNATIONAL AIRPORT, WA US",4/10/19,0.28,49
USW00024699,"SEATTLE TACOMA INTERNATIONAL AIRPORT, WA US",4/11/19,0.4,49
USW00024700,"SEATTLE TACOMA INTERNATIONAL AIRPORT, WA US",4/12/19,0.65,51
USW00024701,"SEATTLE TACOMA INTERNATIONAL AIRPORT, WA US",4/13/19,0.09,49
USW00024702,"SEATTLE TACOMA INTERNATIONAL AIRPORT, WA US",4/14/19,0.01,46
USW00024703,"SEATTLE TACOMA INTERNATIONAL AIRPORT, WA US",4/15/19,0,46
USW00024704,"SEATTLE TACOMA INTERNATIONAL AIRPORT, WA US",4/16/19,0.21,50
USW00024705,"SEATTLE TACOMA INTERNATIONAL AIRPORT, WA US",4/17/19,0,52
USW00024706,"SEATTLE TACOMA INTERNATIONAL AIRPORT, WA US",4/18/19,0.13,57
USW00024707,"SEATTLE TACOMA INTERNATIONAL AIRPORT, WA US",4/19/19,0.16,56
USW00024708,"SEATTLE TACOMA INTERNATIONAL AIRPORT, WA US",4/20/19,0,52
USW00024709,"SEATTLE TACOMA INTERNATIONAL AIRPORT, WA US",4/21/19,0,52
USW00024710,"SEATTLE TACOMA INTERNATIONAL AIRPORT, WA US",4/22/19,0.13,52
USW00024711,"SEATTLE TACOMA INTERNATIONAL AIRPORT, WA US",4/23/19,0,53
USW00024712,"SEATTLE TACOMA INTERNATIONAL AIRPORT, WA US",4/24/19,0,52
USW00024713,"SEATTLE TACOMA INTERNATIONAL AIRPORT, WA US",4/25/19,0,53
USW00024714,"SEATTLE TACOMA INTERNATIONAL AIRPORT, WA US",4/26/19,0,54
USW00024715,"SEATTLE TACOMA INTERNATIONAL AIRPORT, WA US",4/27/19,0.14,51
USW00024716,"SEATTLE TACOMA INTERNATIONAL AIRPORT, WA US",4/28/19,0,48
USW00024717,"SEATTLE TACOMA INTERNATIONAL AIRPORT, WA US",4/29/19,0,54
USW00024718,"SEATTLE TACOMA INTERNATIONAL AIRPORT, WA US",4/30/19,0,54
USW00024719,"SEATTLE TACOMA INTERNATIONAL AIRPORT, WA US",5/1/19,0,55
USW00024720,"SEATTLE TACOMA INTERNATIONAL AIRPORT, WA US",5/2/19,0,52
USW00024721,"SEATTLE TACOMA INTERNATIONAL AIRPORT, WA US",5/3/19,0,53
USW00024722,"SEATTLE TACOMA INTERNATIONAL AIRPORT, WA US",5/4/19,0,56
USW00024723,"SEATTLE TACOMA INTERNATIONAL AIRPORT, WA US",5/5/19,0,60
USW00024724,"SEATTLE TACOMA INTERNATIONAL AIRPORT, WA US",5/6/19,0,61
USW00024725,"SEATTLE TACOMA INTERNATIONAL AIRPORT, WA US",5/7/19,0,63
USW00024726,"SEATTLE TACOMA INTERNATIONAL AIRPORT, WA US",5/8/19,0,62
USW00024727,"SEATTLE TACOMA INTERNATIONAL AIRPORT, WA US",5/9/19,0,68
USW00024728,"SEATTLE TACOMA INTERNATIONAL AIRPORT, WA US",5/10/19,0,70
USW00024729,"SEATTLE TACOMA INTERNATIONAL AIRPORT, WA US",5/11/19,0,72
USW00024730,"SEATTLE TACOMA INTERNATIONAL AIRPORT, WA US",5/12/19,0,58
USW00024731,"SEATTLE TACOMA INTERNATIONAL AIRPORT, WA US",5/13/19,0,56
USW00024732,"SEATTLE TACOMA INTERNATIONAL AIRPORT, WA US",5/14/19,0.16,57
USW00024733,"SEATTLE TACOMA INTERNATIONAL AIRPORT, WA US",5/15/19,0.02,58
USW00024734,"SEATTLE TACOMA INTERNATIONAL AIRPORT, WA US",5/16/19,0.13,57
USW00024735,"SEATTLE TACOMA INTERNATIONAL AIRPORT, WA US",5/17/19,0.05,56
USW00024736,"SEATTLE TACOMA INTERNATIONAL AIRPORT, WA US",5/18/19,0,59
USW00024737,"SEATTLE TACOMA INTERNATIONAL AIRPORT, WA US",5/19/19,0,62
USW00024738,"SEATTLE TACOMA INTERNATIONAL AIRPORT, WA US",5/20/19,0.05,58
USW00024739,"SEATTLE TACOMA INTERNATIONAL AIRPORT, WA US",5/21/19,0.02,54
USW00024740,"SEATTLE TACOMA INTERNATIONAL AIRPORT, WA US",5/22/19,0,60
USW00024741,"SEATTLE TACOMA INTERNATIONAL AIRPORT, WA US",5/23/19,0,63
USW00024742,"SEATTLE TACOMA INTERNATIONAL AIRPORT, WA US",5/24/19,0,60
USW00024743,"SEATTLE TACOMA INTERNATIONAL AIRPORT, WA US",5/25/19,0.19,54
USW00024744,"SEATTLE TACOMA INTERNATIONAL AIRPORT, WA US",5/26/19,0,56
USW00024745,"SEATTLE TACOMA INTERNATIONAL AIRPORT, WA US",5/27/19,0,65
USW00024746,"SEATTLE TACOMA INTERNATIONAL AIRPORT, WA US",5/28/19,0,60
USW00024747,"SEATTLE TACOMA INTERNATIONAL AIRPORT, WA US",5/29/19,0,59
USW00024748,"SEATTLE TACOMA INTERNATIONAL AIRPORT, WA US",5/30/19,0,60
USW00024749,"SEATTLE TACOMA INTERNATIONAL AIRPORT, WA US",5/31/19,0,63
USW00024750,"SEATTLE TACOMA INTERNATIONAL AIRPORT, WA US",6/1/19,0,62
USW00024751,"SEATTLE TACOMA INTERNATIONAL AIRPORT, WA US",6/2/19,0,63
USW00024752,"SEATTLE TACOMA INTERNATIONAL AIRPORT, WA US",6/3/19,0,60
USW00024753,"SEATTLE TACOMA INTERNATIONAL AIRPORT, WA US",6/4/19,0,60
USW00024754,"SEATTLE TACOMA INTERNATIONAL AIRPORT, WA US",6/5/19,0,60
USW00024755,"SEATTLE TACOMA INTERNATIONAL AIRPORT, WA US",6/6/19,0.01,56
USW00024756,"SEATTLE TACOMA INTERNATIONAL AIRPORT, WA US",6/7/19,0.1,56
USW00024757,"SEATTLE TACOMA INTERNATIONAL AIRPORT, WA US",6/8/19,0,55
USW00024758,"SEATTLE TACOMA INTERNATIONAL AIRPORT, WA US",6/9/19,0,61
USW00024759,"SEATTLE TACOMA INTERNATIONAL AIRPORT, WA US",6/10/19,0,65
USW00024760,"SEATTLE TACOMA INTERNATIONAL AIRPORT, WA US",6/11/19,0,70
USW00024761,"SEATTLE TACOMA INTERNATIONAL AIRPORT, WA US",6/12/19,0,78
USW00024762,"SEATTLE TACOMA INTERNATIONAL AIRPORT, WA US",6/13/19,0,73
USW00024763,"SEATTLE TACOMA INTERNATIONAL AIRPORT, WA US",6/14/19,0,62
USW00024764,"SEATTLE TACOMA INTERNATIONAL AIRPORT, WA US",6/15/19,0,61
USW00024765,"SEATTLE TACOMA INTERNATIONAL AIRPORT, WA US",6/16/19,0,62
USW00024766,"SEATTLE TACOMA INTERNATIONAL AIRPORT, WA US",6/17/19,0,63
USW00024767,"SEATTLE TACOMA INTERNATIONAL AIRPORT, WA US",6/18/19,0.21,63
USW00024768,"SEATTLE TACOMA INTERNATIONAL AIRPORT, WA US",6/19/19,0.08,59
USW00024769,"SEATTLE TACOMA INTERNATIONAL AIRPORT, WA US",6/20/19,0.41,57
USW00024770,"SEATTLE TACOMA INTERNATIONAL AIRPORT, WA US",6/21/19,0,60
USW00024771,"SEATTLE TACOMA INTERNATIONAL AIRPORT, WA US",6/22/19,0,60
USW00024772,"SEATTLE TACOMA INTERNATIONAL AIRPORT, WA US",6/23/19,0,60
USW00024773,"SEATTLE TACOMA INTERNATIONAL AIRPORT, WA US",6/24/19,0,58
USW00024774,"SEATTLE TACOMA INTERNATIONAL AIRPORT, WA US",6/25/19,0,62
USW00024775,"SEATTLE TACOMA INTERNATIONAL AIRPORT, WA US",6/26/19,0.01,62
USW00024776,"SEATTLE TACOMA INTERNATIONAL AIRPORT, WA US",6/27/19,0.08,61
USW00024777,"SEATTLE TACOMA INTERNATIONAL AIRPORT, WA US",6/28/19,0,61
USW00024778,"SEATTLE TACOMA INTERNATIONAL AIRPORT, WA US",6/29/19,0,64
USW00024779,"SEATTLE TACOMA INTERNATIONAL AIRPORT, WA US",6/30/19,0,68
USW00024780,"SEATTLE TACOMA INTERNATIONAL AIRPORT, WA US",7/1/19,0,71
USW00024781,"SEATTLE TACOMA INTERNATIONAL AIRPORT, WA US",7/2/19,0.43,62
USW00024782,"SEATTLE TACOMA INTERNATIONAL AIRPORT, WA US",7/3/19,0,59
USW00024783,"SEATTLE TACOMA INTERNATIONAL AIRPORT, WA US",7/4/19,0,63
USW00024784,"SEATTLE TACOMA INTERNATIONAL AIRPORT, WA US",7/5/19,0,63
USW00024785,"SEATTLE TACOMA INTERNATIONAL AIRPORT, WA US",7/6/19,0,63
USW00024786,"SEATTLE TACOMA INTERNATIONAL AIRPORT, WA US",7/7/19,0,63
USW00024787,"SEATTLE TACOMA INTERNATIONAL AIRPORT, WA US",7/8/19,0,63
USW00024788,"SEATTLE TACOMA INTERNATIONAL AIRPORT, WA US",7/9/19,0.17,67
USW00024789,"SEATTLE TACOMA INTERNATIONAL AIRPORT, WA US",7/10/19,0.17,65
USW00024790,"SEATTLE TACOMA INTERNATIONAL AIRPORT, WA US",7/11/19,0,66
USW00024791,"SEATTLE TACOMA INTERNATIONAL AIRPORT, WA US",7/12/19,0,69
USW00024792,"SEATTLE TACOMA INTERNATIONAL AIRPORT, WA US",7/13/19,0,69
USW00024793,"SEATTLE TACOMA INTERNATIONAL AIRPORT, WA US",7/14/19,0,68
USW00024794,"SEATTLE TACOMA INTERNATIONAL AIRPORT, WA US",7/15/19,0.02,68
USW00024795,"SEATTLE TACOMA INTERNATIONAL AIRPORT, WA US",7/16/19,0,68
USW00024796,"SEATTLE TACOMA INTERNATIONAL AIRPORT, WA US",7/17/19,0.13,67
USW00024797,"SEATTLE TACOMA INTERNATIONAL AIRPORT, WA US",7/18/19,0.2,63
USW00024798,"SEATTLE TACOMA INTERNATIONAL AIRPORT, WA US",7/19/19,0.03,61
USW00024799,"SEATTLE TACOMA INTERNATIONAL AIRPORT, WA US",7/20/19,0,65
USW00024800,"SEATTLE TACOMA INTERNATIONAL AIRPORT, WA US",7/21/19,0,71
USW00024801,"SEATTLE TACOMA INTERNATIONAL AIRPORT, WA US",7/22/19,0,71
USW00024802,"SEATTLE TACOMA INTERNATIONAL AIRPORT, WA US",7/23/19,0,66
USW00024803,"SEATTLE TACOMA INTERNATIONAL AIRPORT, WA US",7/24/19,0,65
USW00024804,"SEATTLE TACOMA INTERNATIONAL AIRPORT, WA US",7/25/19,0,70
USW00024805,"SEATTLE TACOMA INTERNATIONAL AIRPORT, WA US",7/26/19,0,73
USW00024806,"SEATTLE TACOMA INTERNATIONAL AIRPORT, WA US",7/27/19,0,70
USW00024807,"SEATTLE TACOMA INTERNATIONAL AIRPORT, WA US",7/28/19,0,69
USW00024808,"SEATTLE TACOMA INTERNATIONAL AIRPORT, WA US",7/29/19,0,70
USW00024809,"SEATTLE TACOMA INTERNATIONAL AIRPORT, WA US",7/30/19,0,66
USW00024810,"SEATTLE TACOMA INTERNATIONAL AIRPORT, WA US",7/31/19,0,69
USW00024811,"SEATTLE TACOMA INTERNATIONAL AIRPORT, WA US",8/1/19,0,71
USW00024812,"SEATTLE TACOMA INTERNATIONAL AIRPORT, WA US",8/2/19,0.37,71
USW00024813,"SEATTLE TACOMA INTERNATIONAL AIRPORT, WA US",8/3/19,0,71
USW00024814,"SEATTLE TACOMA INTERNATIONAL AIRPORT, WA US",8/4/19,0,72
USW00024815,"SEATTLE TACOMA INTERNATIONAL AIRPORT, WA US",8/5/19,0,75
USW00024816,"SEATTLE TACOMA INTERNATIONAL AIRPORT, WA US",8/6/19,0,68
USW00024817,"SEATTLE TACOMA INTERNATIONAL AIRPORT, WA US",8/7/19,0,67
USW00024818,"SEATTLE TACOMA INTERNATIONAL AIRPORT, WA US",8/8/19,0,65
USW00024819,"SEATTLE TACOMA INTERNATIONAL AIRPORT, WA US",8/9/19,0,66
USW00024820,"SEATTLE TACOMA INTERNATIONAL AIRPORT, WA US",8/10/19,0.38,66
USW00024821,"SEATTLE TACOMA INTERNATIONAL AIRPORT, WA US",8/11/19,0,66
USW00024822,"SEATTLE TACOMA INTERNATIONAL AIRPORT, WA US",8/12/19,0,67
USW00024823,"SEATTLE TACOMA INTERNATIONAL AIRPORT, WA US",8/13/19,0,71
USW00024824,"SEATTLE TACOMA INTERNATIONAL AIRPORT, WA US",8/14/19,0,73
USW00024825,"SEATTLE TACOMA INTERNATIONAL AIRPORT, WA US",8/15/19,0,69
USW00024826,"SEATTLE TACOMA INTERNATIONAL AIRPORT, WA US",8/16/19,0,66
USW00024827,"SEATTLE TACOMA INTERNATIONAL AIRPORT, WA US",8/17/19,0,65
USW00024828,"SEATTLE TACOMA INTERNATIONAL AIRPORT, WA US",8/18/19,0,66
USW00024829,"SEATTLE TACOMA INTERNATIONAL AIRPORT, WA US",8/19/19,0,67
USW00024830,"SEATTLE TACOMA INTERNATIONAL AIRPORT, WA US",8/20/19,0,67
USW00024831,"SEATTLE TACOMA INTERNATIONAL AIRPORT, WA US",8/21/19,0.3,66
USW00024832,"SEATTLE TACOMA INTERNATIONAL AIRPORT, WA US",8/22/19,0.08,61
USW00024833,"SEATTLE TACOMA INTERNATIONAL AIRPORT, WA US",8/23/19,0,64
USW00024834,"SEATTLE TACOMA INTERNATIONAL AIRPORT, WA US",8/24/19,0,65
USW00024835,"SEATTLE TACOMA INTERNATIONAL AIRPORT, WA US",8/25/19,0,67
USW00024836,"SEATTLE TACOMA INTERNATIONAL AIRPORT, WA US",8/26/19,0,67
USW00024837,"SEATTLE TACOMA INTERNATIONAL AIRPORT, WA US",8/27/19,0,70
USW00024838,"SEATTLE TACOMA INTERNATIONAL AIRPORT, WA US",8/28/19,0,75
USW00024839,"SEATTLE TACOMA INTERNATIONAL AIRPORT, WA US",8/29/19,0.07,71
USW00024840,"SEATTLE TACOMA INTERNATIONAL AIRPORT, WA US",8/30/19,0,67
USW00024841,"SEATTLE TACOMA INTERNATIONAL AIRPORT, WA US",8/31/19,0,69
USW00024842,"SEATTLE TACOMA INTERNATIONAL AIRPORT, WA US",9/1/19,0,70
USW00024843,"SEATTLE TACOMA INTERNATIONAL AIRPORT, WA US",9/2/19,0,69
USW00024844,"SEATTLE TACOMA INTERNATIONAL AIRPORT, WA US",9/3/19,0,69
USW00024845,"SEATTLE TACOMA INTERNATIONAL AIRPORT, WA US",9/4/19,0,67
USW00024846,"SEATTLE TACOMA INTERNATIONAL AIRPORT, WA US",9/5/19,0,68
USW00024847,"SEATTLE TACOMA INTERNATIONAL AIRPORT, WA US",9/6/19,0,69
USW00024848,"SEATTLE TACOMA INTERNATIONAL AIRPORT, WA US",9/7/19,0.59,65
USW00024849,"SEATTLE TACOMA INTERNATIONAL AIRPORT, WA US",9/8/19,0.04,63
USW00024850,"SEATTLE TACOMA INTERNATIONAL AIRPORT, WA US",9/9/19,0.29,62
USW00024851,"SEATTLE TACOMA INTERNATIONAL AIRPORT, WA US",9/10/19,0,62
USW00024852,"SEATTLE TACOMA INTERNATIONAL AIRPORT, WA US",9/11/19,0,63
USW00024853,"SEATTLE TACOMA INTERNATIONAL AIRPORT, WA US",9/12/19,0.24,67
USW00024854,"SEATTLE TACOMA INTERNATIONAL AIRPORT, WA US",9/13/19,0,66
USW00024855,"SEATTLE TACOMA INTERNATIONAL AIRPORT, WA US",9/14/19,0.05,64
USW00024856,"SEATTLE TACOMA INTERNATIONAL AIRPORT, WA US",9/15/19,0.44,61
USW00024857,"SEATTLE TACOMA INTERNATIONAL AIRPORT, WA US",9/16/19,0.09,59
USW00024858,"SEATTLE TACOMA INTERNATIONAL AIRPORT, WA US",9/17/19,0.65,59
USW00024859,"SEATTLE TACOMA INTERNATIONAL AIRPORT, WA US",9/18/19,0.1,59
USW00024860,"SEATTLE TACOMA INTERNATIONAL AIRPORT, WA US",9/19/19,0.04,60
USW00024861,"SEATTLE TACOMA INTERNATIONAL AIRPORT, WA US",9/20/19,0,62
USW00024862,"SEATTLE TACOMA INTERNATIONAL AIRPORT, WA US",9/21/19,0,62
USW00024863,"SEATTLE TACOMA INTERNATIONAL AIRPORT, WA US",9/22/19,0.24,62
USW00024864,"SEATTLE TACOMA INTERNATIONAL AIRPORT, WA US",9/23/19,0.12,59
USW00024865,"SEATTLE TACOMA INTERNATIONAL AIRPORT, WA US",9/24/19,0,61
USW00024866,"SEATTLE TACOMA INTERNATIONAL AIRPORT, WA US",9/25/19,0,62
USW00024867,"SEATTLE TACOMA INTERNATIONAL AIRPORT, WA US",9/26/19,0.16,63
USW00024868,"SEATTLE TACOMA INTERNATIONAL AIRPORT, WA US",9/27/19,0.14,58
USW00024869,"SEATTLE TACOMA INTERNATIONAL AIRPORT, WA US",9/28/19,0.04,51
USW00024870,"SEATTLE TACOMA INTERNATIONAL AIRPORT, WA US",9/29/19,0.09,51
USW00024871,"SEATTLE TACOMA INTERNATIONAL AIRPORT, WA US",9/30/19,0,51
USW00024872,"SEATTLE TACOMA INTERNATIONAL AIRPORT, WA US",10/1/19,0,50
USW00024873,"SEATTLE TACOMA INTERNATIONAL AIRPORT, WA US",10/2/19,0,53
USW00024874,"SEATTLE TACOMA INTERNATIONAL AIRPORT, WA US",10/3/19,0.02,57
USW00024875,"SEATTLE TACOMA INTERNATIONAL AIRPORT, WA US",10/4/19,0.03,53
USW00024876,"SEATTLE TACOMA INTERNATIONAL AIRPORT, WA US",10/5/19,0,55
USW00024877,"SEATTLE TACOMA INTERNATIONAL AIRPORT, WA US",10/6/19,0,54
USW00024878,"SEATTLE TACOMA INTERNATIONAL AIRPORT, WA US",10/7/19,0.05,56
USW00024879,"SEATTLE TACOMA INTERNATIONAL AIRPORT, WA US",10/8/19,0.17,52
USW00024880,"SEATTLE TACOMA INTERNATIONAL AIRPORT, WA US",10/9/19,0,45
USW00024881,"SEATTLE TACOMA INTERNATIONAL AIRPORT, WA US",10/10/19,0,45
USW00024882,"SEATTLE TACOMA INTERNATIONAL AIRPORT, WA US",10/11/19,0,50
USW00024883,"SEATTLE TACOMA INTERNATIONAL AIRPORT, WA US",10/12/19,0,54
USW00024884,"SEATTLE TACOMA INTERNATIONAL AIRPORT, WA US",10/13/19,0,53
USW00024885,"SEATTLE TACOMA INTERNATIONAL AIRPORT, WA US",10/14/19,0,51
USW00024886,"SEATTLE TACOMA INTERNATIONAL AIRPORT, WA US",10/15/19,0,53
USW00024887,"SEATTLE TACOMA INTERNATIONAL AIRPORT, WA US",10/16/19,0.51,55
USW00024888,"SEATTLE TACOMA INTERNATIONAL AIRPORT, WA US",10/17/19,0.15,54
USW00024889,"SEATTLE TACOMA INTERNATIONAL AIRPORT, WA US",10/18/19,0.82,51
USW00024890,"SEATTLE TACOMA INTERNATIONAL AIRPORT, WA US",10/19/19,0.96,49
USW00024891,"SEATTLE TACOMA INTERNATIONAL AIRPORT, WA US",10/20/19,0.13,49
USW00024892,"SEATTLE TACOMA INTERNATIONAL AIRPORT, WA US",10/21/19,0.39,53
USW00024893,"SEATTLE TACOMA INTERNATIONAL AIRPORT, WA US",10/22/19,0.1,57
USW00024894,"SEATTLE TACOMA INTERNATIONAL AIRPORT, WA US",10/23/19,0,51
USW00024895,"SEATTLE TACOMA INTERNATIONAL AIRPORT, WA US",10/24/19,0,51
USW00024896,"SEATTLE TACOMA INTERNATIONAL AIRPORT, WA US",10/25/19,0.34,53
USW00024897,"SEATTLE TACOMA INTERNATIONAL AIRPORT, WA US",10/26/19,0,48
USW00024898,"SEATTLE TACOMA INTERNATIONAL AIRPORT, WA US",10/27/19,0,47
USW00024899,"SEATTLE TACOMA INTERNATIONAL AIRPORT, WA US",10/28/19,0,43
USW00024900,"SEATTLE TACOMA INTERNATIONAL AIRPORT, WA US",10/29/19,0,43
USW00024901,"SEATTLE TACOMA INTERNATIONAL AIRPORT, WA US",10/30/19,0,42
USW00024902,"SEATTLE TACOMA INTERNATIONAL AIRPORT, WA US",10/31/19,0,43
USW00024903,"SEATTLE TACOMA INTERNATIONAL AIRPORT, WA US",11/1/19,0,45
USW00024904,"SEATTLE TACOMA INTERNATIONAL AIRPORT, WA US",11/2/19,0,48
USW00024905,"SEATTLE TACOMA INTERNATIONAL AIRPORT, WA US",11/3/19,0,48
USW00024906,"SEATTLE TACOMA INTERNATIONAL AIRPORT, WA US",11/4/19,0,49
USW00024907,"SEATTLE TACOMA INTERNATIONAL AIRPORT, WA US",11/5/19,0,47
USW00024908,"SEATTLE TACOMA INTERNATIONAL AIRPORT, WA US",11/6/19,0,48
USW00024909,"SEATTLE TACOMA INTERNATIONAL AIRPORT, WA US",11/7/19,0,47
USW00024910,"SEATTLE TACOMA INTERNATIONAL AIRPORT, WA US",11/8/19,0,47
USW00024911,"SEATTLE TACOMA INTERNATIONAL AIRPORT, WA US",11/9/19,0.32,50
USW00024912,"SEATTLE TACOMA INTERNATIONAL AIRPORT, WA US",11/10/19,0,52
USW00024913,"SEATTLE TACOMA INTERNATIONAL AIRPORT, WA US",11/11/19,0,51
USW00024914,"SEATTLE TACOMA INTERNATIONAL AIRPORT, WA US",11/12/19,0.25,50
USW00024915,"SEATTLE TACOMA INTERNATIONAL AIRPORT, WA US",11/13/19,0,52
USW00024916,"SEATTLE TACOMA INTERNATIONAL AIRPORT, WA US",11/14/19,0,49
USW00024917,"SEATTLE TACOMA INTERNATIONAL AIRPORT, WA US",11/15/19,0.19,51
USW00024918,"SEATTLE TACOMA INTERNATIONAL AIRPORT, WA US",11/16/19,0.01,51
USW00024919,"SEATTLE TACOMA INTERNATIONAL AIRPORT, WA US",11/17/19,0.09,53
USW00024920,"SEATTLE TACOMA INTERNATIONAL AIRPORT, WA US",11/18/19,0.26,52
USW00024921,"SEATTLE TACOMA INTERNATIONAL AIRPORT, WA US",11/19/19,0.39,49
USW00024922,"SEATTLE TACOMA INTERNATIONAL AIRPORT, WA US",11/20/19,0,46
USW00024923,"SEATTLE TACOMA INTERNATIONAL AIRPORT, WA US",11/21/19,0,41
USW00024924,"SEATTLE TACOMA INTERNATIONAL AIRPORT, WA US",11/22/19,0,39
USW00024925,"SEATTLE TACOMA INTERNATIONAL AIRPORT, WA US",11/23/19,0,40
USW00024926,"SEATTLE TACOMA INTERNATIONAL AIRPORT, WA US",11/24/19,0.11,50
USW00024927,"SEATTLE TACOMA INTERNATIONAL AIRPORT, WA US",11/25/19,0.09,45
USW00024928,"SEATTLE TACOMA INTERNATIONAL AIRPORT, WA US",11/26/19,0,41
USW00024929,"SEATTLE TACOMA INTERNATIONAL AIRPORT, WA US",11/27/19,0,41
USW00024930,"SEATTLE TACOMA INTERNATIONAL AIRPORT, WA US",11/28/19,0,38
USW00024931,"SEATTLE TACOMA INTERNATIONAL AIRPORT, WA US",11/29/19,0,36
USW00024932,"SEATTLE TACOMA INTERNATIONAL AIRPORT, WA US",11/30/19,0,35
USW00024933,"SEATTLE TACOMA INTERNATIONAL AIRPORT, WA US",12/1/19,0.02,42
USW00024934,"SEATTLE TACOMA INTERNATIONAL AIRPORT, WA US",12/2/19,0,43
USW00024935,"SEATTLE TACOMA INTERNATIONAL AIRPORT, WA US",12/3/19,0,47
USW00024936,"SEATTLE TACOMA INTERNATIONAL AIRPORT, WA US",12/4/19,0.03,49
USW00024937,"SEATTLE TACOMA INTERNATIONAL AIRPORT, WA US",12/5/19,0,47
USW00024938,"SEATTLE TACOMA INTERNATIONAL AIRPORT, WA US",12/6/19,0,48
USW00024939,"SEATTLE TACOMA INTERNATIONAL AIRPORT, WA US",12/7/19,0.29,49
USW00024940,"SEATTLE TACOMA INTERNATIONAL AIRPORT, WA US",12/8/19,0.03,49
USW00024941,"SEATTLE TACOMA INTERNATIONAL AIRPORT, WA US",12/9/19,0,46
USW00024942,"SEATTLE TACOMA INTERNATIONAL AIRPORT, WA US",12/10/19,0.13,41
USW00024943,"SEATTLE TACOMA INTERNATIONAL AIRPORT, WA US",12/11/19,0.54,45
USW00024944,"SEATTLE TACOMA INTERNATIONAL AIRPORT, WA US",12/12/19,0.23,48
USW00024945,"SEATTLE TACOMA INTERNATIONAL AIRPORT, WA US",12/13/19,0,46
USW00024946,"SEATTLE TACOMA INTERNATIONAL AIRPORT, WA US",12/14/19,0.08,44
USW00024947,"SEATTLE TACOMA INTERNATIONAL AIRPORT, WA US",12/15/19,0.11,42
USW00024948,"SEATTLE TACOMA INTERNATIONAL AIRPORT, WA US",12/16/19,0,41
USW00024949,"SEATTLE TACOMA INTERNATIONAL AIRPORT, WA US",12/17/19,0,42
USW00024950,"SEATTLE TACOMA INTERNATIONAL AIRPORT, WA US",12/18/19,0.3,43
USW00024951,"SEATTLE TACOMA INTERNATIONAL AIRPORT, WA US",12/19/19,1.32,44
USW00024952,"SEATTLE TACOMA INTERNATIONAL AIRPORT, WA US",12/20/19,3.25,52
USW00024953,"SEATTLE TACOMA INTERNATIONAL AIRPORT, WA US",12/21/19,0.83,48
USW00024954,"SEATTLE TACOMA INTERNATIONAL AIRPORT, WA US",12/22/19,0.14,43
USW00024955,"SEATTLE TACOMA INTERNATIONAL AIRPORT, WA US",12/23/19,0.29,42
USW00024956,"SEATTLE TACOMA INTERNATIONAL AIRPORT, WA US",12/24/19,0,38
USW00024957,"SEATTLE TACOMA INTERNATIONAL AIRPORT, WA US",12/25/19,0,40
USW00024958,"SEATTLE TACOMA INTERNATIONAL AIRPORT, WA US",12/26/19,0.05,35
USW00024959,"SEATTLE TACOMA INTERNATIONAL AIRPORT, WA US",12/27/19,0.01,39
USW00024960,"SEATTLE TACOMA INTERNATIONAL AIRPORT, WA US",12/28/19,0,44
USW00024961,"SEATTLE TACOMA INTERNATIONAL AIRPORT, WA US",12/29/19,0.01,45
USW00024962,"SEATTLE TACOMA INTERNATIONAL AIRPORT, WA US",12/30/19,0.04,46
USW00024963,"SEATTLE TACOMA INTERNATIONAL AIRPORT, WA US",12/31/19,0.26,48